"Activity Date","Process Date","Settle Date","Instrument","Description","Trans Code","Quantity","Price","Amount"
"5/27/2026","5/27/2026","5/27/2026","RTX","Cash Div: R/D 2026-05-22 P/D 2026-06-11 - 11.644424 shares at 0.73","CDIV","","","$8.50"
"5/27/2026","5/27/2026","5/28/2026","VLO","Valero
CUSIP: 91913Y100
Dividend Reinvestment","Buy","0.002823","$237.27","($0.67)"
"5/27/2026","5/27/2026","5/28/2026","MSFT","Microsoft
CUSIP: 594918104
Dividend Reinvestment","Buy","0.05983","$411.66","($24.63)"
"5/27/2026","5/27/2026","5/28/2026","AMAT","Applied Materials
CUSIP: 038222105
Dividend Reinvestment","Buy","0.002993","$447.64","($1.34)"
"5/26/2026","5/26/2026","5/26/2026","MSFT","Cash Div: R/D 2026-05-21 P/D 2026-06-11 - 27.060993 shares at 0.91","CDIV","","","$24.63"
"5/26/2026","5/26/2026","5/26/2026","AMAT","Cash Div: R/D 2026-05-21 P/D 2026-06-11 - 2.535339 shares at 0.53","CDIV","","","$1.34"
"5/26/2026","5/26/2026","5/26/2026","VLO","Cash Div: R/D 2026-05-21 P/D 2026-06-23 - 0.558936 shares at 1.2","CDIV","","","$0.67"
"5/22/2026","5/22/2026","5/26/2026","CVX","Chevron
CUSIP: 166764100
Dividend Reinvestment","Buy","0.015579","$191.28","($2.98)"
"5/21/2026","5/21/2026","5/21/2026","CVX","Cash Div: R/D 2026-05-19 P/D 2026-06-10 - 1.672079 shares at 1.78","CDIV","","","$2.98"
"5/20/2026","5/20/2026","5/21/2026","AMD","AMD
CUSIP: 007903107","Buy","0.72198","$446.30","($322.22)"
"5/20/2026","5/20/2026","5/21/2026","AMD","AMD
CUSIP: 007903107","Buy","6","$446.30","($2,677.80)"
"5/20/2026","5/20/2026","5/21/2026","SNDK","Sandisk Corporation
CUSIP: 80004C200","Buy","0.719041","$1,390.74","($1,000.00)"
"5/20/2026","5/20/2026","5/21/2026","MU","Micron Technology
CUSIP: 595112103","Buy","0.41944","$731.11","($306.66)"
"5/20/2026","5/20/2026","5/21/2026","MU","Micron Technology
CUSIP: 595112103","Buy","3","$731.11","($2,193.34)"
"5/20/2026","5/20/2026","5/21/2026","AMD","AMD
CUSIP: 007903107","Buy","4.505367","$443.92","($2,000.00)"
"5/20/2026","5/20/2026","5/21/2026","SNDK","Sandisk Corporation
CUSIP: 80004C200","Buy","1.07553","$1,394.66","($1,500.00)"
"5/20/2026","5/20/2026","5/21/2026","","ACH Deposit","ACH","","","$10,000.00"
"5/20/2026","5/20/2026","5/21/2026","CAT","Caterpillar
CUSIP: 149123101
Dividend Reinvestment","Buy","0.004177","$864.20","($3.61)"
"5/19/2026","5/19/2026","5/19/2026","CAT","Cash Div: R/D 2026-04-20 P/D 2026-05-19 - 2.390389 shares at 1.51","CDIV","","","$3.61"
"5/13/2026","5/13/2026","5/14/2026","WMT","Walmart
CUSIP: 931142103
Dividend Reinvestment","Buy","0.142419","$132.28","($18.84)"
"5/13/2026","5/13/2026","5/14/2026","NOK","Nokia
CUSIP: 654902204
Dividend Reinvestment","Buy","0.031757","$13.54","($0.43)"
"5/12/2026","5/12/2026","5/12/2026","WMT","Cash Div: R/D 2026-05-08 P/D 2026-05-26 - 76.12403 shares at 0.2475","CDIV","","","$18.84"
"5/12/2026","5/12/2026","5/12/2026","NOK","Cash Div: R/D 2026-04-28 P/D 2026-05-12 - 14.547728 shares at 0.047097","CDIV","","","$0.69"
"5/12/2026","5/12/2026","5/12/2026","NOK","Sponsored ADR: Agency Processing Fee at $0.02","DFEE","","","($0.02)"
"5/12/2026","5/12/2026","5/12/2026","NOK","Foreign Tax Witholding at $0.24","DTAX","","","($0.24)"
"5/6/2026","5/6/2026","5/6/2026","ATRO","Stock Lending","SLIP","","","$0.01"
"5/6/2026","5/6/2026","5/6/2026","NOK","Stock Lending","SLIP","","","$0.01"
"5/6/2026","5/6/2026","5/7/2026","ASML","ASML Holding NV
CUSIP: N07059210
Dividend Reinvestment","Buy","0.007839","$1,515.48","($11.88)"
"5/5/2026","5/5/2026","5/5/2026","ASML","Cash Div: R/D 2026-04-27 P/D 2026-05-05 - 4.412841 shares at 3.16845","CDIV","","","$13.98"
"5/5/2026","5/5/2026","5/5/2026","ASML","Foreign Tax Witholding at $2.10","DTAX","","","($2.10)"
"5/5/2026","5/5/2026","5/6/2026","NBIS","Nebius Group
CUSIP: N97284108","Buy","0.22303","$177.24","($39.53)"
"5/5/2026","5/5/2026","5/6/2026","NBIS","Nebius Group
CUSIP: N97284108","Buy","1","$177.24","($177.24)"
"5/5/2026","5/5/2026","5/5/2026","","Transfer from Brokerage to Brokerage","ITRF","","","$216.59"
"5/1/2026","5/1/2026","5/4/2026","JPM","JPMorgan Chase
CUSIP: 46625H100
Dividend Reinvestment","Buy","0.001053","$313.34","($0.33)"
"4/30/2026","4/30/2026","4/30/2026","JPM","Cash Div: R/D 2026-04-06 P/D 2026-04-30 - 0.222465 shares at 1.5","CDIV","","","$0.33"
"4/24/2026","4/24/2026","4/24/2026","ORCL","Cash Div: R/D 2026-04-09 P/D 2026-04-24 - 0.302791 shares at 0.5","CDIV","","","$0.15"
"4/23/2026","4/23/2026","4/24/2026","CSCO","Cisco Systems
CUSIP: 17275R102
Dividend Reinvestment","Buy","0.008384","$89.45","($0.75)"
"4/22/2026","4/22/2026","4/22/2026","CSCO","Cash Div: R/D 2026-04-02 P/D 2026-04-22 - 1.777451 shares at 0.42","CDIV","","","$0.75"
"4/16/2026","4/16/2026","4/17/2026","MU","Micron Technology
CUSIP: 595112103
Dividend Reinvestment","Buy","0.00049","$448.55","($0.22)"
"4/15/2026","4/15/2026","4/15/2026","MU","Cash Div: R/D 2026-03-30 P/D 2026-04-15 - 1.435814 shares at 0.15","CDIV","","","$0.22"
"4/10/2026","4/10/2026","4/13/2026","TSM","Taiwan Semiconductor Manufacturing
CUSIP: 874039100
Dividend Reinvestment","Buy","0.00332","$376.48","($1.25)"
"4/9/2026","4/9/2026","4/9/2026","TSM","Foreign Tax Witholding at $0.33","DTAX","","","($0.33)"
"4/9/2026","4/9/2026","4/9/2026","TSM","Cash Div: R/D 2026-03-17 P/D 2026-04-09 - 1.685993 shares at 0.938972","CDIV","","","$1.58"
"4/9/2026","4/9/2026","4/10/2026","LRCX","Lam Research Corp
CUSIP: 512807306
Dividend Reinvestment","Buy","0.000436","$252.11","($0.11)"
"4/9/2026","4/9/2026","4/10/2026","STX","Seagate Technology
CUSIP: G7997R103
Dividend Reinvestment","Buy","0.00106","$499.68","($0.53)"
"4/8/2026","4/8/2026","4/8/2026","LRCX","Cash Div: R/D 2026-03-04 P/D 2026-04-08 - 0.419595 shares at 0.26","CDIV","","","$0.11"
"4/8/2026","4/8/2026","4/8/2026","STX","Cash Div: R/D 2026-03-25 P/D 2026-04-08 - 0.713177 shares at 0.74","CDIV","","","$0.53"
"4/8/2026","4/8/2026","4/8/2026","SLV","Stock Lending","SLIP","","","$0.01"
"4/8/2026","4/8/2026","4/8/2026","NOK","Stock Lending","SLIP","","","$0.01"
"4/8/2026","4/8/2026","4/8/2026","COPX","Stock Lending","SLIP","","","$0.01"
"4/7/2026","4/7/2026","4/8/2026","WMT","Walmart
CUSIP: 931142103
Dividend Reinvestment","Buy","0.15138","$124.19","($18.80)"
"4/6/2026","4/6/2026","4/6/2026","WMT","Cash Div: R/D 2026-03-20 P/D 2026-04-06 - 75.97265 shares at 0.2475","CDIV","","","$18.80"
"4/6/2026","4/6/2026","4/7/2026","SLB","SLB Limited
CUSIP: 806857108
Dividend Reinvestment","Buy","0.006238","$49.69","($0.31)"
"4/2/2026","4/2/2026","4/2/2026","SLB","Cash Div: R/D 2026-02-11 P/D 2026-04-02 - 1.036269 shares at 0.295","CDIV","","","$0.31"
"4/2/2026","4/2/2026","4/6/2026","NVDA","NVIDIA
CUSIP: 67066G104
Dividend Reinvestment","Buy","0.000057","$173.90","($0.01)"
"4/1/2026","4/1/2026","4/1/2026","NVDA","Cash Div: R/D 2026-03-11 P/D 2026-04-01 - 1 shares at 0.01","CDIV","","","$0.01"
"4/1/2026","4/1/2026","4/2/2026","VOO","Vanguard S&P 500 ETF
CUSIP: 922908363
Dividend Reinvestment","Buy","0.000531","$601.88","($0.32)"
"3/31/2026","3/31/2026","3/31/2026","VOO","Cash Div: R/D 2026-03-27 P/D 2026-03-31 - 0.169387 shares at 1.8724","CDIV","","","$0.32"
"3/31/2026","3/31/2026","4/1/2026","GS","Goldman Sachs
CUSIP: 38141G104
Dividend Reinvestment","Buy","0.001799","$822.31","($1.48)"
"3/30/2026","3/30/2026","3/30/2026","GS","Cash Div: R/D 2026-03-02 P/D 2026-03-30 - 0.329071 shares at 4.5","CDIV","","","$1.48"
"3/27/2026","3/27/2026","3/30/2026","META","Meta Platforms
CUSIP: 30303M102
Dividend Reinvestment","Buy","0.000187","$533.46","($0.10)"
"3/26/2026","3/26/2026","3/26/2026","META","Cash Div: R/D 2026-03-16 P/D 2026-03-26 - 0.183089 shares at 0.525","CDIV","","","$0.10"
"3/25/2026","3/25/2026","3/26/2026","BLK","Blackrock, Inc.
CUSIP: 09290D101
Dividend Reinvestment","Buy","0.002202","$980.65","($2.16)"
"3/24/2026","3/24/2026","3/24/2026","BLK","Cash Div: R/D 2026-03-06 P/D 2026-03-24 - 0.376393 shares at 5.73","CDIV","","","$2.16"
"3/23/2026","3/23/2026","3/24/2026","SLAB","Silicon Laboratories
CUSIP: 826919102","Buy","0.194908","$207.79","($40.50)"
"3/20/2026","3/20/2026","3/23/2026","RTX","RTX Corporation
CUSIP: 75513E101
Dividend Reinvestment","Buy","0.039336","$200.58","($7.89)"
"3/19/2026","3/19/2026","3/19/2026","RTX","Cash Div: R/D 2026-02-20 P/D 2026-03-19 - 11.605088 shares at 0.68","CDIV","","","$7.89"
"3/19/2026","3/19/2026","3/20/2026","WDC","Western Digital
CUSIP: 958102105
Dividend Reinvestment","Buy","0.000471","$297.02","($0.14)"
"3/19/2026","3/19/2026","3/20/2026","EA","EA
CUSIP: 285512109
Dividend Reinvestment","Buy","0.000947","$200.44","($0.19)"
"3/18/2026","3/18/2026","3/18/2026","WDC","Cash Div: R/D 2026-03-05 P/D 2026-03-18 - 1.080889 shares at 0.125","CDIV","","","$0.14"
"3/18/2026","3/18/2026","3/18/2026","EA","Cash Div: R/D 2026-02-25 P/D 2026-03-18 - 1.019327 shares at 0.19","CDIV","","","$0.19"
"3/18/2026","3/18/2026","3/19/2026","UNH","UnitedHealth
CUSIP: 91324P102
Dividend Reinvestment","Buy","0.013492","$287.57","($3.88)"
"3/17/2026","3/17/2026","3/17/2026","UNH","Cash Div: R/D 2026-03-09 P/D 2026-03-17 - 1.754063 shares at 2.21","CDIV","","","$3.88"
"3/13/2026","3/13/2026","3/16/2026","MSFT","Microsoft
CUSIP: 594918104
Dividend Reinvestment","Buy","0.060993","$402.83","($24.57)"
"3/13/2026","3/13/2026","3/16/2026","AMAT","Applied Materials
CUSIP: 038222105
Dividend Reinvestment","Buy","0.002992","$347.51","($1.04)"
"3/12/2026","3/12/2026","3/12/2026","MSFT","Cash Div: R/D 2026-02-19 P/D 2026-03-12 - 27 shares at 0.91","CDIV","","","$24.57"
"3/12/2026","3/12/2026","3/12/2026","AMAT","Cash Div: R/D 2026-02-19 P/D 2026-03-12 - 2.261457 shares at 0.46","CDIV","","","$1.04"
"3/12/2026","3/12/2026","3/13/2026","NOC","Northrop Grumman
CUSIP: 666807102
Dividend Reinvestment","Buy","0.000495","$726.58","($0.36)"
"3/11/2026","3/11/2026","3/11/2026","NOC","Cash Div: R/D 2026-02-23 P/D 2026-03-11 - 0.15473 shares at 2.31","CDIV","","","$0.36"
"3/11/2026","3/11/2026","3/12/2026","JNJ","Johnson & Johnson
CUSIP: 478160104
Dividend Reinvestment","Buy","0.002273","$241.96","($0.55)"
"3/11/2026","3/11/2026","3/12/2026","CVX","Chevron
CUSIP: 166764100
Dividend Reinvestment","Buy","0.010562","$188.41","($1.99)"
"3/10/2026","3/10/2026","3/10/2026","JNJ","Cash Div: R/D 2026-02-24 P/D 2026-03-10 - 0.422033 shares at 1.3","CDIV","","","$0.55"
"3/10/2026","3/10/2026","3/10/2026","CVX","Cash Div: R/D 2026-02-17 P/D 2026-03-10 - 1.120684 shares at 1.78","CDIV","","","$1.99"
"3/10/2026","3/10/2026","3/11/2026","VLO","Valero
CUSIP: 91913Y100
Dividend Reinvestment","Buy","0.003078","$217.63","($0.67)"
"3/9/2026","3/9/2026","3/9/2026","VLO","Cash Div: R/D 2026-02-05 P/D 2026-03-09 - 0.555858 shares at 1.2","CDIV","","","$0.67"
"3/6/2026","3/6/2026","3/6/2026","COPX","Stock Lending","SLIP","","","$0.01"
"3/6/2026","3/6/2026","3/6/2026","NOK","Stock Lending","SLIP","","","$0.01"
"3/6/2026","3/6/2026","3/6/2026","QUBT","Stock Lending","SLIP","","","$0.01"
"3/5/2026","3/5/2026","3/6/2026","ASML","ASML Holding NV
CUSIP: N07059210
Recurring","Buy","0.148074","$1,350.67","($200.00)"
"3/5/2026","3/5/2026","3/6/2026","CAT","Caterpillar
CUSIP: 149123101
Recurring","Buy","0.143768","$695.56","($100.00)"
"3/5/2026","3/5/2026","3/6/2026","TSM","Taiwan Semiconductor Manufacturing
CUSIP: 874039100
Recurring","Buy","0.289913","$344.93","($100.00)"
"3/5/2026","3/5/2026","3/6/2026","","ACH Deposit","ACH","","","$400.00"
"3/5/2026","3/5/2026","3/6/2026","GOLD","Gold.com
CUSIP: 00181T107
Dividend Reinvestment","Buy","0.043252","$55.49","($2.40)"
"3/4/2026","3/4/2026","3/4/2026","GOLD","Cash Div: R/D 2026-02-20 P/D 2026-03-04 - 12.015722 shares at 0.2","CDIV","","","$2.40"
"2/26/2026","2/26/2026","2/27/2026","SLV","iShares Silver Trust
CUSIP: 46428Q109
Recurring","Buy","1.260318","$79.34","($100.00)"
"2/26/2026","2/26/2026","2/27/2026","ASML","ASML Holding NV
CUSIP: N07059210
Recurring","Buy","0.13705","$1,459.32","($200.00)"
"2/26/2026","2/26/2026","2/27/2026","URA","Global X Uranium ETF
CUSIP: 37954Y871
Recurring","Buy","1.851508","$54.01","($100.00)"
"2/26/2026","2/26/2026","2/27/2026","SNDK","Sandisk Corporation
CUSIP: 80004C200
Recurring","Buy","0.158353","$631.50","($100.00)"
"2/26/2026","2/26/2026","2/27/2026","WDC","Western Digital
CUSIP: 958102105
Recurring","Buy","0.180407","$277.15","($50.00)"
"2/26/2026","2/26/2026","2/27/2026","COPX","Global X Copper Miners ETF
CUSIP: 37954Y830
Recurring","Buy","1.071524","$93.32","($100.00)"
"2/26/2026","2/26/2026","2/27/2026","MU","Micron Technology
CUSIP: 595112103
Recurring","Buy","0.240442","$415.90","($100.00)"
"2/26/2026","2/26/2026","2/27/2026","CAT","Caterpillar
CUSIP: 149123101
Recurring","Buy","0.133112","$751.24","($100.00)"
"2/26/2026","2/26/2026","2/27/2026","CVX","Chevron
CUSIP: 166764100
Recurring","Buy","0.270855","$184.60","($50.00)"
"2/26/2026","2/26/2026","2/27/2026","IAU","iShares Gold Trust
CUSIP: 464285204
Recurring","Buy","1.02766","$97.31","($100.00)"
"2/26/2026","2/26/2026","2/27/2026","STX","Seagate Technology
CUSIP: G7997R103
Recurring","Buy","0.124189","$402.61","($50.00)"
"2/26/2026","2/26/2026","2/27/2026","TSM","Taiwan Semiconductor Manufacturing
CUSIP: 874039100
Recurring","Buy","0.268204","$372.85","($100.00)"
"2/26/2026","2/26/2026","2/27/2026","AMAT","Applied Materials
CUSIP: 038222105
Recurring","Buy","0.133981","$373.18","($50.00)"
"2/26/2026","2/26/2026","2/27/2026","","ACH Deposit","ACH","","","$100.00"
"2/20/2026","2/20/2026","2/23/2026","","ACH Withdrawal","ACH","","","($3,000.00)"
"2/19/2026","2/19/2026","2/20/2026","SLV","iShares Silver Trust
CUSIP: 46428Q109
Recurring","Buy","1.415929","$70.62","($100.00)"
"2/19/2026","2/19/2026","2/20/2026","ASML","ASML Holding NV
CUSIP: N07059210
Recurring","Buy","0.137707","$1,452.35","($200.00)"
"2/19/2026","2/19/2026","2/20/2026","URA","Global X Uranium ETF
CUSIP: 37954Y871
Recurring","Buy","1.874444","$53.35","($100.00)"
"2/19/2026","2/19/2026","2/20/2026","WDC","Western Digital
CUSIP: 958102105
Recurring","Buy","0.174932","$285.82","($50.00)"
"2/19/2026","2/19/2026","2/20/2026","SNDK","Sandisk Corporation
CUSIP: 80004C200
Recurring","Buy","0.16044","$623.28","($100.00)"
"2/19/2026","2/19/2026","2/20/2026","COPX","Global X Copper Miners ETF
CUSIP: 37954Y830
Recurring","Buy","1.168907","$85.55","($100.00)"
"2/19/2026","2/19/2026","2/20/2026","MU","Micron Technology
CUSIP: 595112103
Recurring","Buy","0.242362","$412.60","($100.00)"
"2/19/2026","2/19/2026","2/20/2026","CAT","Caterpillar
CUSIP: 149123101
Recurring","Buy","0.132065","$757.20","($100.00)"
"2/19/2026","2/19/2026","2/20/2026","CVX","Chevron
CUSIP: 166764100
Recurring","Buy","0.269978","$185.20","($50.00)"
"2/19/2026","2/19/2026","2/20/2026","IAU","iShares Gold Trust
CUSIP: 464285204
Recurring","Buy","1.066894","$93.73","($100.00)"
"2/19/2026","2/19/2026","2/20/2026","STX","Seagate Technology
CUSIP: G7997R103
Recurring","Buy","0.123296","$405.52","($50.00)"
"2/19/2026","2/19/2026","2/20/2026","TSM","Taiwan Semiconductor Manufacturing
CUSIP: 874039100
Recurring","Buy","0.278551","$359.00","($100.00)"
"2/19/2026","2/19/2026","2/20/2026","AMAT","Applied Materials
CUSIP: 038222105
Recurring","Buy","0.136909","$365.20","($50.00)"
"2/19/2026","2/19/2026","2/20/2026","ASML","ASML Holding NV
CUSIP: N07059210
Dividend Reinvestment","Buy","0.004339","$1,435.78","($6.23)"
"2/19/2026","2/19/2026","2/20/2026","NOK","Nokia
CUSIP: 654902204
Dividend Reinvestment","Buy","0.042838","$7.47","($0.32)"
"2/18/2026","2/18/2026","2/18/2026","NOK","Foreign Tax Witholding at $0.18","DTAX","","","($0.18)"
"2/18/2026","2/18/2026","2/18/2026","NOK","Cash Div: R/D 2026-02-03 P/D 2026-02-18 - 14.50489 shares at 0.035642","CDIV","","","$0.52"
"2/18/2026","2/18/2026","2/18/2026","NOK","Sponsored ADR: Agency Processing Fee at $0.02","DFEE","","","($0.02)"
"2/18/2026","2/18/2026","2/18/2026","ASML","Foreign Tax Witholding at $1.10","DTAX","","","($1.10)"
"2/18/2026","2/18/2026","2/18/2026","ASML","Cash Div: R/D 2026-02-10 P/D 2026-02-18 - 3.844279 shares at 1.9064","CDIV","","","$7.33"
"2/17/2026","2/17/2026","2/18/2026","","ACH Deposit","ACH","","","$1,000.00"
"2/13/2026","2/13/2026","2/17/2026","SLV","iShares Silver Trust
CUSIP: 46428Q109
Recurring","Buy","1.417448","$70.55","($100.00)"
"2/13/2026","2/13/2026","2/17/2026","ASML","ASML Holding NV
CUSIP: N07059210
Recurring","Buy","0.141392","$1,414.50","($200.00)"
"2/13/2026","2/13/2026","2/17/2026","URA","Global X Uranium ETF
CUSIP: 37954Y871
Recurring","Buy","1.924867","$51.95","($100.00)"
"2/13/2026","2/13/2026","2/17/2026","WDC","Western Digital
CUSIP: 958102105
Recurring","Buy","0.174346","$286.78","($50.00)"
"2/13/2026","2/13/2026","2/17/2026","SNDK","Sandisk Corporation
CUSIP: 80004C200
Recurring","Buy","0.15328","$652.40","($100.00)"
"2/13/2026","2/13/2026","2/17/2026","COPX","Global X Copper Miners ETF
CUSIP: 37954Y830
Recurring","Buy","1.139007","$87.80","($100.00)"
"2/13/2026","2/13/2026","2/17/2026","MU","Micron Technology
CUSIP: 595112103
Recurring","Buy","0.238288","$419.66","($100.00)"
"2/13/2026","2/13/2026","2/17/2026","CAT","Caterpillar
CUSIP: 149123101
Recurring","Buy","0.128119","$780.52","($100.00)"
"2/13/2026","2/13/2026","2/17/2026","CVX","Chevron
CUSIP: 166764100
Recurring","Buy","0.272464","$183.51","($50.00)"
"2/13/2026","2/13/2026","2/17/2026","IAU","iShares Gold Trust
CUSIP: 464285204
Recurring","Buy","1.056077","$94.69","($100.00)"
"2/13/2026","2/13/2026","2/17/2026","STX","Seagate Technology
CUSIP: G7997R103
Recurring","Buy","0.116264","$430.06","($50.00)"
"2/13/2026","2/13/2026","2/17/2026","TSM","Taiwan Semiconductor Manufacturing
CUSIP: 874039100
Recurring","Buy","0.270782","$369.30","($100.00)"
"2/13/2026","2/13/2026","2/17/2026","AMAT","Applied Materials
CUSIP: 038222105
Recurring","Buy","0.140698","$355.37","($50.00)"
"2/13/2026","2/13/2026","2/17/2026","RIVN","Rivian Automotive
CUSIP: 76954A103","Buy","1.187655","$16.84","($20.00)"
"2/13/2026","2/13/2026","2/17/2026","NFLX","Netflix
CUSIP: 64110L106","Buy","6.585012","$75.93","($500.00)"
"2/9/2026","2/9/2026","2/10/2026","WMT","Walmart
CUSIP: 931142103
Recurring","Buy","0.776825","$128.73","($100.00)"
"2/9/2026","2/9/2026","2/10/2026","","ACH Deposit","ACH","","","$100.00"
"2/9/2026","2/9/2026","2/10/2026","","ACH Deposit","ACH","","","$1,000.00"
"2/9/2026","2/9/2026","2/10/2026","","ACH Deposit","ACH","","","$5,000.00"
"2/6/2026","2/6/2026","2/9/2026","ASML","ASML Holding NV
CUSIP: N07059210
Recurring","Buy","0.141466","$1,413.76","($200.00)"
"2/6/2026","2/6/2026","2/9/2026","URA","Global X Uranium ETF
CUSIP: 37954Y871
Recurring","Buy","1.923859","$51.98","($100.00)"
"2/6/2026","2/6/2026","2/9/2026","WDC","Western Digital
CUSIP: 958102105
Recurring","Buy","0.177638","$281.47","($50.00)"
"2/6/2026","2/6/2026","2/9/2026","SNDK","Sandisk Corporation
CUSIP: 80004C200
Recurring","Buy","0.166421","$600.88","($100.00)"
"2/6/2026","2/6/2026","2/9/2026","COPX","Global X Copper Miners ETF
CUSIP: 37954Y830
Recurring","Buy","1.179246","$84.80","($100.00)"
"2/6/2026","2/6/2026","2/9/2026","MU","Micron Technology
CUSIP: 595112103
Recurring","Buy","0.255839","$390.87","($100.00)"
"2/6/2026","2/6/2026","2/9/2026","CAT","Caterpillar
CUSIP: 149123101
Recurring","Buy","0.138304","$723.04","($100.00)"
"2/6/2026","2/6/2026","2/9/2026","CVX","Chevron
CUSIP: 166764100
Recurring","Buy","0.276269","$180.98","($50.00)"
"2/6/2026","2/6/2026","2/9/2026","STX","Seagate Technology
CUSIP: G7997R103
Recurring","Buy","0.117097","$427.00","($50.00)"
"2/6/2026","2/6/2026","2/9/2026","TSM","Taiwan Semiconductor Manufacturing
CUSIP: 874039100
Recurring","Buy","0.28673","$348.76","($100.00)"
"2/6/2026","2/6/2026","2/9/2026","AMAT","Applied Materials
CUSIP: 038222105
Recurring","Buy","0.15475","$323.10","($50.00)"
"2/6/2026","2/6/2026","2/6/2026","QUBT","Stock Lending","SLIP","","","$0.01"
"2/6/2026","2/6/2026","2/6/2026","COPX","Stock Lending","SLIP","","","$0.01"
"2/6/2026","2/6/2026","2/9/2026","","ACH Deposit","ACH","","","$200.00"
"2/6/2026","2/6/2026","2/6/2026","","ACAT In Bonus Interest Payment","ABIP","","","$518.09"
"2/6/2026","2/6/2026","2/6/2026","","Reversal of ACAT In Bonus Interest Payment","ABIP","","","($3,086.43)"
"2/6/2026","2/6/2026","2/6/2026","AVGO","Broadcom
CUSIP: 11135F101","ITRF","874S","",""
"2/3/2026","2/3/2026","2/4/2026","JPM","JPMorgan Chase
CUSIP: 46625H100
Dividend Reinvestment","Buy","0.06055","$314.78","($19.06)"
"2/3/2026","2/3/2026","2/3/2026","","ACAT In Bonus Interest Payment","ABIP","","","$3,086.43"
"2/3/2026","2/3/2026","2/3/2026","COPX","Global X Copper Miners ETF
CUSIP: 37954Y830","ACATI","12","",""
"2/3/2026","2/3/2026","2/3/2026","MSFT","Microsoft
CUSIP: 594918104","ACATI","27","",""
"2/3/2026","2/3/2026","2/3/2026","AVGO","Broadcom
CUSIP: 11135F101","ACATI","874","",""
"2/3/2026","2/3/2026","2/3/2026","ASML","ASML Holding NV
CUSIP: N07059210","ACATI","2","",""
"2/3/2026","2/3/2026","2/3/2026","RTX","RTX Corporation
CUSIP: 75513E101","ACATI","10","",""
"2/3/2026","2/3/2026","2/3/2026","ASTS","AST SpaceMobile
CUSIP: 00217D100","ACATI","9","",""
"2/3/2026","2/3/2026","2/3/2026","GOLD","Gold.com
CUSIP: 00181T107","ACATI","10","",""
"2/3/2026","2/3/2026","2/3/2026","NVDA","NVIDIA
CUSIP: 67066G104","ACATI","1","",""
"2/3/2026","2/3/2026","2/3/2026","WMT","Walmart
CUSIP: 931142103","ACATI","1","",""
"2/3/2026","2/3/2026","2/3/2026","NOK","Nokia
CUSIP: 654902204","ACATI","13","",""
"2/3/2026","2/3/2026","2/3/2026","INTC","Intel
CUSIP: 458140100","ACATI","1","",""
"2/3/2026","2/3/2026","2/3/2026","","ACAT IN control_num = 20260300042423, firm_id = 0015, acct_num = 511876829","ACATI","","","$7.26"
"2/2/2026","2/2/2026","2/2/2026","JPM","Cash Div: R/D 2026-01-06 P/D 2026-02-02 - 12.709265 shares at 1.5","CDIV","","","$19.06"
"2/2/2026","2/2/2026","2/3/2026","MU","Micron Technology
CUSIP: 595112103","Buy","0.23039","$434.04","($100.00)"
"2/2/2026","2/2/2026","2/3/2026","BLK","Blackrock, Inc.
CUSIP: 09290D101","Buy","0.376393","$1,122.12","($422.36)"
"2/2/2026","2/2/2026","2/3/2026","INTC","Intel
CUSIP: 458140100","Buy","0.466017","$49.80","($23.21)"
"2/2/2026","2/2/2026","2/3/2026","ORCL","Oracle
CUSIP: 68389X105","Buy","0.302791","$165.13","($50.00)"
"2/2/2026","2/2/2026","2/3/2026","UNH","UnitedHealth
CUSIP: 91324P102","Buy","0.286866","$287.56","($82.49)"
"2/2/2026","2/2/2026","2/3/2026","MOH","Molina Healthcare
CUSIP: 60855R100","Buy","0.276717","$180.69","($50.00)"
"2/2/2026","2/2/2026","2/3/2026","PEN","Penumbra
CUSIP: 70975L107","Buy","0.139731","$357.83","($50.00)"
"2/2/2026","2/2/2026","2/3/2026","NOK","Nokia
CUSIP: 654902204","Buy","1.50489","$6.64","($10.00)"
"2/2/2026","2/2/2026","2/3/2026","ATRO","Astronics
CUSIP: 046433108","Buy","1.615801","$78.34","($126.59)"
"2/2/2026","2/2/2026","2/3/2026","WMT","Walmart
CUSIP: 931142103","Buy","0.888938","$123.37","($109.66)"
"2/2/2026","2/2/2026","2/3/2026","WMT","Walmart
CUSIP: 931142103","Buy","1","$123.37","($123.37)"
"2/2/2026","2/2/2026","2/3/2026","VOO","Vanguard S&P 500 ETF
CUSIP: 922908363","Buy","0.10726","$640.59","($68.71)"
"2/2/2026","2/2/2026","2/3/2026","URA","Global X Uranium ETF
CUSIP: 37954Y871","Buy","1.615023","$53.25","($86.00)"
"2/2/2026","2/2/2026","2/3/2026","PLTR","Palantir Technologies
CUSIP: 69608A108","Buy","0.325209","$149.35","($48.57)"
"2/2/2026","2/2/2026","2/3/2026","SLV","iShares Silver Trust
CUSIP: 46428Q109","Buy","0.355626","$71.62","($25.47)"
"2/2/2026","2/2/2026","2/3/2026","SLV","iShares Silver Trust
CUSIP: 46428Q109","Buy","1","$71.62","($71.62)"
"2/2/2026","2/2/2026","2/3/2026","PL","Planet Labs
CUSIP: 72703X106","Buy","3.059628","$23.40","($71.58)"
"2/2/2026","2/2/2026","2/3/2026","RKLB","Rocket Lab Corporation
CUSIP: 773121108","Buy","0.102242","$75.80","($7.75)"
"2/2/2026","2/2/2026","2/3/2026","ASTS","AST SpaceMobile
CUSIP: 00217D100","Buy","0.950028","$105.26","($100.00)"
"2/2/2026","2/2/2026","2/3/2026","JPM","JPMorgan Chase
CUSIP: 46625H100","Buy","0.161915","$308.80","($50.00)"
"2/2/2026","2/2/2026","2/3/2026","GS","Goldman Sachs
CUSIP: 38141G104","Buy","0.159108","$942.75","($150.00)"
"2/2/2026","2/2/2026","2/3/2026","CAT","Caterpillar
CUSIP: 149123101","Buy","0.170799","$686.18","($117.20)"
"2/2/2026","2/2/2026","2/3/2026","BRK.B","Berkshire Hathaway Inc. Class B
CUSIP: 084670702","Buy","0.195763","$485.28","($95.00)"
"2/2/2026","2/2/2026","2/3/2026","AMD","AMD
CUSIP: 007903107","Buy","0.698846","$248.55","($173.70)"
"2/2/2026","2/2/2026","2/3/2026","AMAT","Applied Materials
CUSIP: 038222105","Buy","0.284526","$326.44","($92.88)"
"2/2/2026","2/2/2026","2/3/2026","CSCO","Cisco Systems
CUSIP: 17275R102","Buy","0.621736","$81.02","($50.37)"
"2/2/2026","2/2/2026","2/3/2026","NOC","Northrop Grumman
CUSIP: 666807102","Buy","0.129284","$682.60","($88.25)"
"2/2/2026","2/2/2026","2/3/2026","IREN","IREN Limited
CUSIP: Q4982L109","Buy","0.80511","$53.62","($43.17)"
"2/2/2026","2/2/2026","2/3/2026","IAU","iShares Gold Trust
CUSIP: 464285204","Buy","1.180385","$88.20","($104.11)"
"2/2/2026","2/2/2026","2/3/2026","KTOS","Kratos Defense & Security Solutions
CUSIP: 50077B207","Buy","0.71702","$96.29","($69.04)"
"2/2/2026","2/2/2026","2/3/2026","RTX","RTX Corporation
CUSIP: 75513E101","Buy","0.523424","$198.31","($103.80)"
"2/2/2026","2/2/2026","2/3/2026","MDB","MongoDB
CUSIP: 60937P106","Buy","0.133022","$375.88","($50.00)"
"2/2/2026","2/2/2026","2/3/2026","TSM","Taiwan Semiconductor Manufacturing
CUSIP: 874039100","Buy","0.291813","$342.68","($100.00)"
"2/2/2026","2/2/2026","2/3/2026","LRCX","Lam Research Corp
CUSIP: 512807306","Buy","0.419595","$238.32","($100.00)"
"2/2/2026","2/2/2026","2/3/2026","GOLD","Gold.com
CUSIP: 00181T107","Buy","2.015722","$49.61","($100.00)"
"2/2/2026","2/2/2026","2/3/2026","STX","Seagate Technology
CUSIP: G7997R103","Buy","0.232331","$430.42","($100.00)"
"2/2/2026","2/2/2026","2/3/2026","MU","Micron Technology
CUSIP: 595112103","Buy","0.228493","$437.65","($100.00)"
"2/2/2026","2/2/2026","2/3/2026","WDC","Western Digital
CUSIP: 958102105","Buy","0.373566","$267.69","($100.00)"
"2/2/2026","2/2/2026","2/3/2026","SNDK","Sandisk Corporation
CUSIP: 80004C200","Buy","0.74701","$669.34","($500.00)"
"2/2/2026","2/2/2026","2/3/2026","GH","Guardant Health
CUSIP: 40131M109","Buy","0.43599","$114.68","($50.00)"
"2/2/2026","2/2/2026","2/3/2026","ADPT","Adaptive Biotechnologies
CUSIP: 00650F109","Buy","2.727768","$18.33","($50.00)"
"2/2/2026","2/2/2026","2/3/2026","VLO","Valero
CUSIP: 91913Y100","Buy","0.555858","$179.90","($100.00)"
"2/2/2026","2/2/2026","2/3/2026","SLB","SLB Limited
CUSIP: 806857108","Buy","1.036269","$48.25","($50.00)"
"2/2/2026","2/2/2026","2/3/2026","CVX","Chevron
CUSIP: 166764100","Buy","0.571951","$174.84","($100.00)"
"2/2/2026","2/2/2026","2/3/2026","UEC","Uranium Energy
CUSIP: 916896103","Buy","0.079765","$16.24","($1.29)"
"2/2/2026","2/2/2026","2/3/2026","UEC","Uranium Energy
CUSIP: 916896103","Buy","3","$16.24","($48.71)"
"2/2/2026","2/2/2026","2/3/2026","UUUU","Energy Fuels
CUSIP: 292671708","Buy","0.35054","$21.27","($7.46)"
"2/2/2026","2/2/2026","2/3/2026","UUUU","Energy Fuels
CUSIP: 292671708","Buy","2","$21.27","($42.54)"
"2/2/2026","2/2/2026","2/3/2026","LEU","Centrus Energy
CUSIP: 15643U104","Buy","0.748685","$267.14","($200.00)"
"2/2/2026","2/2/2026","2/3/2026","CCJ","Cameco
CUSIP: 13321L108","Buy","0.826468","$121.00","($100.00)"
"2/2/2026","2/2/2026","2/3/2026","","ACH Deposit","ACH","","","$5,000.00"
"1/30/2026","1/30/2026","2/2/2026","TCGL","TechCreate Group Ltd.
CUSIP: G8726A106","Buy","0.050625","$192.00","($9.72)"
"1/30/2026","1/30/2026","2/2/2026","QUBT","Quantum Computing
CUSIP: 74766W108","Sell","1","$9.72","$9.72"
"1/29/2026","1/29/2026","1/29/2026","JPM","JPMorgan Chase
CUSIP: 46625H100","ITRF","12.7093S","",""
"1/29/2026","1/29/2026","1/29/2026","BLK","Blackrock, Inc.
CUSIP: 09290D101","ITRF","5.1374S","",""
"1/29/2026","1/29/2026","1/29/2026","NVDA","NVIDIA
CUSIP: 67066G104","ITRF","157.9253S","",""
"1/29/2026","1/29/2026","1/29/2026","AVGO","Broadcom
CUSIP: 11135F101","ITRF","19.0942S","",""
"1/29/2026","1/29/2026","1/29/2026","MSFT","Microsoft
CUSIP: 594918104","ITRF","24.4399S","",""
"1/29/2026","1/29/2026","1/29/2026","AAPL","Apple
CUSIP: 037833100","ITRF","46.0526S","",""
"1/29/2026","1/29/2026","1/29/2026","AMZN","Amazon
CUSIP: 023135106","ITRF","50.4125S","",""
"1/29/2026","1/29/2026","1/29/2026","GOOGL","Alphabet Class A
CUSIP: 02079K305","ITRF","49.3002S","",""
"1/27/2026","1/27/2026","1/28/2026","CAT","Caterpillar
CUSIP: 149123101","Buy","1.336947","$636.42","($850.86)"
"1/27/2026","1/27/2026","1/28/2026","ORCL","Oracle
CUSIP: 68389X105","Sell","4.853714","$175.30","$850.86"
"1/27/2026","1/27/2026","1/28/2026","CAT","Caterpillar
CUSIP: 149123101","Buy","0.207275","$636.54","($131.94)"
"1/27/2026","1/27/2026","1/28/2026","COPX","Global X Copper Miners ETF
CUSIP: 37954Y830","Buy","0.191941","$89.35","($17.15)"
"1/27/2026","1/27/2026","1/28/2026","COPX","Global X Copper Miners ETF
CUSIP: 37954Y830","Buy","11","$89.35","($982.85)"
"1/27/2026","1/27/2026","1/28/2026","ASML","ASML Holding NV
CUSIP: N07059210","Buy","0.366447","$1,463.65","($536.35)"
"1/27/2026","1/27/2026","1/28/2026","ASML","ASML Holding NV
CUSIP: N07059210","Buy","1","$1,463.65","($1,463.65)"
"1/27/2026","1/27/2026","1/28/2026","AMD","AMD
CUSIP: 007903107","Buy","11.873664","$252.66","($3,000.00)"
"1/27/2026","1/27/2026","1/28/2026","TSLA","Tesla
CUSIP: 88160R101","Sell","6.90891","$434.44","$3,001.51"
"1/27/2026","1/27/2026","1/28/2026","UBER","Uber
CUSIP: 90353T100","Sell","0.833246","$80.82","$67.34"
"1/27/2026","1/27/2026","1/28/2026","V","Visa
CUSIP: 92826C839","Sell","0.380069","$326.50","$124.09"
"1/27/2026","1/27/2026","1/28/2026","V","Visa
CUSIP: 92826C839","Sell","9","$326.50","$2,938.50"
"1/26/2026","1/26/2026","1/27/2026","URA","Global X Uranium ETF
CUSIP: 37954Y871","Buy","0.251082","$55.76","($14.00)"
"1/26/2026","1/26/2026","1/27/2026","COPX","Global X Copper Miners ETF
CUSIP: 37954Y830","Buy","0.557134","$89.74","($50.00)"
"1/26/2026","1/26/2026","1/27/2026","IAU","iShares Gold Trust
CUSIP: 464285204","Buy","1","$95.89","($95.89)"
"1/26/2026","1/26/2026","1/27/2026","SLV","iShares Silver Trust
CUSIP: 46428Q109","Buy","1","$102.91","($102.91)"
"1/26/2026","1/26/2026","1/27/2026","ORCL","Oracle
CUSIP: 68389X105
Dividend Reinvestment","Buy","0.013217","$183.09","($2.42)"
"1/23/2026","1/23/2026","1/23/2026","ORCL","Cash Div: R/D 2026-01-09 P/D 2026-01-23 - 4.840497 shares at 0.5","CDIV","","","$2.42"
"1/23/2026","1/23/2026","1/26/2026","QBTS","D-Wave Quantum
CUSIP: 26740W109","Buy","3.696174","$27.06","($100.00)"
"1/23/2026","1/23/2026","1/26/2026","QUBT","Quantum Computing
CUSIP: 74766W108","Buy","1","$12.10","($12.10)"
"1/23/2026","1/23/2026","1/26/2026","RGTI","Rigetti Computing
CUSIP: 76655K103","Buy","1","$24.96","($24.96)"
"1/22/2026","1/22/2026","1/23/2026","CSCO","Cisco Systems
CUSIP: 17275R102
Dividend Reinvestment","Buy","0.006298","$74.62","($0.47)"
"1/21/2026","1/21/2026","1/21/2026","CSCO","Cash Div: R/D 2026-01-02 P/D 2026-01-21 - 1.149417 shares at 0.41","CDIV","","","$0.47"
"1/20/2026","1/20/2026","1/21/2026","SNDK","Sandisk Corporation
CUSIP: 80004C200","Buy","0.110619","$452.00","($50.00)"
"1/20/2026","1/20/2026","1/21/2026","RDDT","Reddit
CUSIP: 75734B100","Buy","0.220123","$227.14","($50.00)"
"1/20/2026","1/20/2026","1/21/2026","RKLB","Rocket Lab Corporation
CUSIP: 773121108","Buy","1","$92.25","($92.25)"
"1/20/2026","1/20/2026","1/21/2026","ATRO","Astronics
CUSIP: 046433108","Buy","1","$73.40","($73.41)"
"1/20/2026","1/20/2026","1/21/2026","KTOS","Kratos Defense & Security Solutions
CUSIP: 50077B207","Buy","1","$130.96","($130.96)"
"1/20/2026","1/20/2026","1/21/2026","BE","Bloom Energy
CUSIP: 093712107","Buy","1","$148.14","($148.15)"
"1/20/2026","1/20/2026","1/21/2026","IREN","IREN Limited
CUSIP: Q4982L109","Buy","1","$56.83","($56.83)"
"1/20/2026","1/20/2026","1/20/2026","","Instant bank transfer - account ending in 3551","RTP","","","$500.00"
"1/20/2026","1/20/2026","1/20/2026","","Instant bank transfer - account ending in 3551","RTP","","","$500.00"
"1/16/2026","1/16/2026","1/20/2026","PL","Planet Labs
CUSIP: 72703X106","Buy","1","$28.42","($28.42)"
"1/16/2026","1/16/2026","1/16/2026","","Instant bank transfer - account ending in 3551","RTP","","","$30.38"
"1/9/2026","1/9/2026","1/12/2026","ASML","ASML Holding NV
CUSIP: N07059210
Recurring","Buy","0.156892","$1,274.76","($200.00)"
"1/9/2026","1/9/2026","1/12/2026","RKLB","Rocket Lab Corporation
CUSIP: 773121108","Buy","4.629093","$86.41","($400.00)"
"1/9/2026","1/9/2026","1/12/2026","ASTS","AST SpaceMobile
CUSIP: 00217D100","Buy","3.976933","$100.58","($400.00)"
"1/9/2026","1/9/2026","1/9/2026","","Instant bank transfer - account ending in 3551","RTP","","","$800.00"
"1/9/2026","1/9/2026","1/12/2026","","ACH Deposit","ACH","","","$200.00"
"1/6/2026","1/6/2026","1/7/2026","WMT","Walmart
CUSIP: 931142103
Dividend Reinvestment","Buy","0.150916","$112.38","($16.96)"
"1/5/2026","1/5/2026","1/5/2026","WMT","Cash Div: R/D 2025-12-12 P/D 2026-01-05 - 72.155971 shares at 0.235","CDIV","","","$16.96"
"1/2/2026","1/2/2026","1/5/2026","AVGO","Broadcom
CUSIP: 11135F101
Dividend Reinvestment","Buy","0.034466","$359.48","($12.39)"
"12/31/2025","12/31/2025","12/31/2025","AVGO","Cash Div: R/D 2025-12-22 P/D 2025-12-31 - 19.05973 shares at 0.65","CDIV","","","$12.39"
"12/31/2025","12/31/2025","1/2/2026","GS","Goldman Sachs
CUSIP: 38141G104
Dividend Reinvestment","Buy","0.000774","$878.08","($0.68)"
"12/30/2025","12/30/2025","12/30/2025","GS","Cash Div: R/D 2025-12-02 P/D 2025-12-30 - 0.169189 shares at 4","CDIV","","","$0.68"
"12/29/2025","12/29/2025","12/30/2025","NVDA","NVIDIA
CUSIP: 67066G104
Dividend Reinvestment","Buy","0.008463","$186.70","($1.58)"
"12/26/2025","12/26/2025","12/26/2025","NVDA","Cash Div: R/D 2025-12-04 P/D 2025-12-26 - 157.916855 shares at 0.01","CDIV","","","$1.58"
"12/26/2025","12/26/2025","12/29/2025","VOO","Vanguard S&P 500 ETF
CUSIP: 922908363
Dividend Reinvestment","Buy","0.000173","$634.84","($0.11)"
"12/24/2025","12/24/2025","12/24/2025","VOO","Cash Div: R/D 2025-12-22 P/D 2025-12-24 - 0.061954 shares at 1.771","CDIV","","","$0.11"
"12/24/2025","12/24/2025","12/26/2025","EA","EA
CUSIP: 285512109
Dividend Reinvestment","Buy","0.000929","$204.36","($0.19)"
"12/24/2025","12/24/2025","12/26/2025","META","Meta Platforms
CUSIP: 30303M102
Dividend Reinvestment","Buy","0.00015","$665.94","($0.10)"
"12/24/2025","12/24/2025","12/26/2025","BLK","Blackrock, Inc.
CUSIP: 09290D101
Dividend Reinvestment","Buy","0.024498","$1,087.42","($26.64)"
"12/23/2025","12/23/2025","12/23/2025","META","Cash Div: R/D 2025-12-15 P/D 2025-12-23 - 0.182939 shares at 0.525","CDIV","","","$0.10"
"12/23/2025","12/23/2025","12/23/2025","BLK","Cash Div: R/D 2025-12-05 P/D 2025-12-23 - 5.112909 shares at 5.21","CDIV","","","$26.64"
"12/23/2025","12/23/2025","12/23/2025","EA","Cash Div: R/D 2025-12-03 P/D 2025-12-23 - 1.018398 shares at 0.19","CDIV","","","$0.19"
"12/18/2025","12/18/2025","12/19/2025","NOC","Northrop Grumman
CUSIP: 666807102
Dividend Reinvestment","Buy","0.000105","$568.80","($0.06)"
"12/17/2025","12/17/2025","12/17/2025","NOC","Cash Div: R/D 2025-12-01 P/D 2025-12-17 - 0.025341 shares at 2.31","CDIV","","","$0.06"
"12/17/2025","12/17/2025","12/18/2025","UNH","UnitedHealth
CUSIP: 91324P102
Dividend Reinvestment","Buy","0.009649","$333.70","($3.22)"
"12/16/2025","12/16/2025","12/16/2025","UNH","Cash Div: R/D 2025-12-08 P/D 2025-12-16 - 1.457548 shares at 2.21","CDIV","","","$3.22"
"12/16/2025","12/16/2025","12/17/2025","GOOGL","Alphabet Class A
CUSIP: 02079K305
Dividend Reinvestment","Buy","0.033558","$308.42","($10.35)"
"12/15/2025","12/15/2025","12/15/2025","GOOGL","Cash Div: R/D 2025-12-08 P/D 2025-12-15 - 49.266604 shares at 0.21","CDIV","","","$10.35"
"12/12/2025","12/12/2025","12/15/2025","RTX","RTX Corporation
CUSIP: 75513E101
Dividend Reinvestment","Buy","0.004096","$178.22","($0.73)"
"12/12/2025","12/12/2025","12/15/2025","MSFT","Microsoft
CUSIP: 594918104
Dividend Reinvestment","Buy","0.046289","$479.59","($22.20)"
"12/12/2025","12/12/2025","12/15/2025","AMAT","Applied Materials
CUSIP: 038222105
Dividend Reinvestment","Buy","0.002869","$268.31","($0.77)"
"12/11/2025","12/11/2025","12/11/2025","RTX","Cash Div: R/D 2025-11-21 P/D 2025-12-11 - 1.077568 shares at 0.68","CDIV","","","$0.73"
"12/11/2025","12/11/2025","12/11/2025","MSFT","Cash Div: R/D 2025-11-20 P/D 2025-12-11 - 24.393572 shares at 0.91","CDIV","","","$22.20"
"12/11/2025","12/11/2025","12/11/2025","AMAT","Cash Div: R/D 2025-11-20 P/D 2025-12-11 - 1.678614 shares at 0.46","CDIV","","","$0.77"
"12/10/2025","12/10/2025","12/11/2025","JNJ","Johnson & Johnson
CUSIP: 478160104
Dividend Reinvestment","Buy","0.002728","$201.61","($0.55)"
"12/9/2025","12/9/2025","12/9/2025","JNJ","Cash Div: R/D 2025-11-25 P/D 2025-12-09 - 0.419305 shares at 1.3","CDIV","","","$0.55"
"12/9/2025","12/9/2025","12/10/2025","ASML","ASML Holding NV
CUSIP: N07059210
Recurring","Buy","0.179474","$1,114.36","($200.00)"
"12/9/2025","12/9/2025","12/10/2025","","ACH Deposit","ACH","","","$200.00"
"12/5/2025","12/5/2025","12/8/2025","PLTR","Palantir Technologies
CUSIP: 69608A108","Buy","0.007899","$181.02","($1.43)"
"12/2/2025","12/2/2025","12/3/2025","V","Visa
CUSIP: 92826C839
Dividend Reinvestment","Buy","0.019065","$328.87","($6.27)"
"12/1/2025","12/1/2025","12/1/2025","V","Cash Div: R/D 2025-11-12 P/D 2025-12-01 - 9.361004 shares at 0.67","CDIV","","","$6.27"
"11/17/2025","11/17/2025","11/17/2025","NFLX","Netflix
CUSIP: 64110L106","SPL","2.7791","",""
"11/14/2025","11/14/2025","11/17/2025","AAPL","Apple
CUSIP: 037833100
Dividend Reinvestment","Buy","0.043891","$272.49","($11.96)"
"11/13/2025","11/13/2025","11/13/2025","AAPL","Cash Div: R/D 2025-11-10 P/D 2025-11-13 - 46.008716 shares at 0.26","CDIV","","","$11.96"
"11/10/2025","11/10/2025","11/12/2025","ORCL","Oracle
CUSIP: 68389X105
Recurring","Buy","0.842247","$237.46","($200.00)"
"11/10/2025","11/10/2025","11/11/2025","","ACH Deposit","ACH","","","$200.00"
"11/7/2025","11/7/2025","11/7/2025","MA","Cash Div: R/D 2025-10-09 P/D 2025-11-07 - 1.828042 shares at 0.76","CDIV","","","$1.39"
"11/6/2025","11/6/2025","11/6/2025","DAL","Cash Div: R/D 2025-10-16 P/D 2025-11-06 - 0.218249 shares at 0.1875","CDIV","","","$0.04"
"11/3/2025","11/3/2025","11/4/2025","JPM","JPMorgan Chase
CUSIP: 46625H100
Dividend Reinvestment","Buy","0.061636","$307.77","($18.97)"
"10/31/2025","10/31/2025","10/31/2025","JPM","Cash Div: R/D 2025-10-06 P/D 2025-10-31 - 12.647629 shares at 1.5","CDIV","","","$18.97"
"10/24/2025","10/24/2025","10/27/2025","ORCL","Oracle
CUSIP: 68389X105
Dividend Reinvestment","Buy","0.00316","$284.81","($0.90)"
"10/23/2025","10/23/2025","10/23/2025","ORCL","Cash Div: R/D 2025-10-09 P/D 2025-10-23 - 1.80835 shares at 0.5","CDIV","","","$0.90"
"10/23/2025","10/23/2025","10/24/2025","CSCO","Cisco Systems
CUSIP: 17275R102
Dividend Reinvestment","Buy","0.006652","$70.64","($0.47)"
"10/22/2025","10/22/2025","10/22/2025","CSCO","Cash Div: R/D 2025-10-03 P/D 2025-10-22 - 1.142765 shares at 0.41","CDIV","","","$0.47"
"10/20/2025","10/20/2025","10/21/2025","NVDA","NVIDIA
CUSIP: 67066G104","Buy","0.445032","$183.16","($81.51)"
"10/20/2025","10/20/2025","10/21/2025","DAL","Delta Air Lines
CUSIP: 247361702","Sell","0.218249","$60.16","$13.13"
"10/20/2025","10/20/2025","10/21/2025","PYPL","PayPal
CUSIP: 70450Y103","Sell","1","$68.38","$68.38"
"10/17/2025","10/17/2025","10/20/2025","UNH","UnitedHealth
CUSIP: 91324P102","Buy","0.457548","$355.06","($162.45)"
"10/17/2025","10/17/2025","10/20/2025","UNH","UnitedHealth
CUSIP: 91324P102","Buy","1","$355.06","($355.06)"
"10/17/2025","10/17/2025","10/20/2025","UAL","United Airlines
CUSIP: 910047109","Sell","1","$98.41","$98.41"
"10/17/2025","10/17/2025","10/20/2025","IBN","ICICI Bank
CUSIP: 45104G104","Sell","0.142292","$32.65","$4.65"
"10/17/2025","10/17/2025","10/20/2025","IBN","ICICI Bank
CUSIP: 45104G104","Sell","5","$32.65","$163.26"
"10/17/2025","10/17/2025","10/20/2025","DKS","Dicks Sporting Goods
CUSIP: 253393102","Sell","1.087413","$231.00","$251.19"
"10/17/2025","10/17/2025","10/20/2025","ORCL","Oracle
CUSIP: 68389X105","Buy","0.517251","$290.43","($150.22)"
"10/17/2025","10/17/2025","10/20/2025","ORCL","Oracle
CUSIP: 68389X105","Buy","1","$290.43","($290.43)"
"10/17/2025","10/17/2025","10/20/2025","AVGO","Broadcom
CUSIP: 11135F101","Buy","3","$346.08","($1,038.23)"
"10/17/2025","10/17/2025","10/20/2025","MA","Mastercard
CUSIP: 57636Q104","Sell","0.828042","$560.08","$463.77"
"10/17/2025","10/17/2025","10/20/2025","MA","Mastercard
CUSIP: 57636Q104","Sell","1","$560.08","$560.08"
"10/17/2025","10/17/2025","10/20/2025","LMT","Lockheed
CUSIP: 539830109","Sell","0.245472","$489.51","$120.16"
"10/17/2025","10/17/2025","10/20/2025","CRM","Salesforce
CUSIP: 79466L302","Sell","1.010391","$244.34","$246.87"
"10/17/2025","10/17/2025","10/20/2025","AVGO","Broadcom
CUSIP: 11135F101","Buy","2","$347.22","($694.43)"
"10/17/2025","10/17/2025","10/20/2025","AAL","American Airlines
CUSIP: 02376R102","Sell","0.651162","$11.93","$7.77"
"10/17/2025","10/17/2025","10/20/2025","AAL","American Airlines
CUSIP: 02376R102","Sell","4","$11.93","$47.74"
"10/17/2025","10/17/2025","10/20/2025","TXN","Texas Instruments
CUSIP: 882508104","Sell","0.351217","$175.80","$61.74"
"10/17/2025","10/17/2025","10/20/2025","QCOM","Qualcomm
CUSIP: 747525103","Sell","0.135496","$162.43","$22.01"
"10/17/2025","10/17/2025","10/20/2025","MDB","MongoDB
CUSIP: 60937P106","Sell","0.207337","$315.16","$65.34"
"10/17/2025","10/17/2025","10/20/2025","TEAM","Atlassian Corporation
CUSIP: 049468101","Sell","1","$151.32","$151.33"
"10/17/2025","10/17/2025","10/20/2025","ADBE","Adobe
CUSIP: 00724F101","Sell","0.04858","$332.10","$16.13"
"10/17/2025","10/17/2025","10/20/2025","DIS","Disney
CUSIP: 254687106","Sell","1.017192","$111.14","$113.06"
"10/17/2025","10/17/2025","10/20/2025","ZS","Zscaler
CUSIP: 98980G102","Sell","1","$297.31","$297.31"
"10/10/2025","10/10/2025","10/14/2025","CRM","Salesforce
CUSIP: 79466L302
Dividend Reinvestment","Buy","0.001697","$247.46","($0.42)"
"10/9/2025","10/9/2025","10/9/2025","CRM","Cash Div: R/D 2025-09-17 P/D 2025-10-09 - 1.008694 shares at 0.416","CDIV","","","$0.42"
"10/9/2025","10/9/2025","10/10/2025","ORCL","Oracle
CUSIP: 68389X105
Recurring","Buy","0.669489","$298.74","($200.00)"
"10/9/2025","10/9/2025","10/10/2025","","ACH Deposit","ACH","","","$200.00"
"10/3/2025","10/3/2025","10/6/2025","NVDA","NVIDIA
CUSIP: 67066G104
Dividend Reinvestment","Buy","0.008277","$189.66","($1.57)"
"10/2/2025","10/2/2025","10/2/2025","NVDA","Cash Div: R/D 2025-09-11 P/D 2025-10-02 - 157.463546 shares at 0.01","CDIV","","","$1.57"
"10/2/2025","10/2/2025","10/3/2025","VOO","Vanguard S&P 500 ETF
CUSIP: 922908363
Dividend Reinvestment","Buy","0.000178","$615.52","($0.11)"
"10/1/2025","10/1/2025","10/1/2025","VOO","Cash Div: R/D 2025-09-29 P/D 2025-10-01 - 0.061776 shares at 1.74","CDIV","","","$0.11"
"10/1/2025","10/1/2025","10/2/2025","AVGO","Broadcom
CUSIP: 11135F101
Dividend Reinvestment","Buy","0.025185","$328.76","($8.28)"
"9/30/2025","9/30/2025","9/30/2025","AVGO","Cash Div: R/D 2025-09-22 P/D 2025-09-30 - 14.034545 shares at 0.59","CDIV","","","$8.28"
"9/30/2025","9/30/2025","10/1/2025","META","Meta Platforms
CUSIP: 30303M102
Dividend Reinvestment","Buy","0.000136","$730.46","($0.10)"
"9/30/2025","9/30/2025","10/1/2025","GS","Goldman Sachs
CUSIP: 38141G104
Dividend Reinvestment","Buy","0.000828","$808.64","($0.67)"
"9/29/2025","9/29/2025","9/29/2025","GS","Cash Div: R/D 2025-08-29 P/D 2025-09-29 - 0.168361 shares at 4","CDIV","","","$0.67"
"9/29/2025","9/29/2025","9/29/2025","META","Cash Div: R/D 2025-09-22 P/D 2025-09-29 - 0.182803 shares at 0.525","CDIV","","","$0.10"
"9/29/2025","9/29/2025","9/30/2025","LMT","Lockheed
CUSIP: 539830109
Dividend Reinvestment","Buy","0.001617","$494.62","($0.80)"
"9/29/2025","9/29/2025","9/30/2025","DKS","Dicks Sporting Goods
CUSIP: 253393102
Dividend Reinvestment","Buy","0.005916","$221.42","($1.31)"
"9/26/2025","9/26/2025","9/26/2025","DKS","Cash Div: R/D 2025-09-12 P/D 2025-09-26 - 1.081497 shares at 1.2125","CDIV","","","$1.31"
"9/26/2025","9/26/2025","9/26/2025","LMT","Cash Div: R/D 2025-09-02 P/D 2025-09-26 - 0.243855 shares at 3.3","CDIV","","","$0.80"
"9/26/2025","9/26/2025","9/29/2025","QCOM","Qualcomm
CUSIP: 747525103
Dividend Reinvestment","Buy","0.000704","$170.34","($0.12)"
"9/25/2025","9/25/2025","9/25/2025","QCOM","Cash Div: R/D 2025-09-04 P/D 2025-09-25 - 0.134792 shares at 0.89","CDIV","","","$0.12"
"9/24/2025","9/24/2025","9/25/2025","BLK","Blackrock, Inc.
CUSIP: 09290D101
Dividend Reinvestment","Buy","0.022942","$1,135.47","($26.05)"
"9/23/2025","9/23/2025","9/23/2025","BLK","Cash Div: R/D 2025-09-05 P/D 2025-09-23 - 4.999571 shares at 5.21","CDIV","","","$26.05"
"9/18/2025","9/18/2025","9/19/2025","NOC","Northrop Grumman
CUSIP: 666807102
Dividend Reinvestment","Buy","0.000104","$571.95","($0.06)"
"9/18/2025","9/18/2025","9/19/2025","EA","EA
CUSIP: 285512109
Dividend Reinvestment","Buy","0.001097","$173.06","($0.19)"
"9/17/2025","9/17/2025","9/17/2025","NOC","Cash Div: R/D 2025-09-02 P/D 2025-09-17 - 0.025237 shares at 2.31","CDIV","","","$0.06"
"9/17/2025","9/17/2025","9/17/2025","EA","Cash Div: R/D 2025-08-27 P/D 2025-09-17 - 1.017301 shares at 0.19","CDIV","","","$0.19"
"9/16/2025","9/16/2025","9/17/2025","GOOGL","Alphabet Class A
CUSIP: 02079K305
Dividend Reinvestment","Buy","0.040885","$250.70","($10.25)"
"9/15/2025","9/15/2025","9/15/2025","GOOGL","Cash Div: R/D 2025-09-08 P/D 2025-09-15 - 48.805304 shares at 0.21","CDIV","","","$10.25"
"9/12/2025","9/12/2025","9/15/2025","MSFT","Microsoft
CUSIP: 594918104
Dividend Reinvestment","Buy","0.039601","$506.30","($20.05)"
"9/12/2025","9/12/2025","9/15/2025","AMAT","Applied Materials
CUSIP: 038222105
Dividend Reinvestment","Buy","0.004573","$168.37","($0.77)"
"9/11/2025","9/11/2025","9/11/2025","MSFT","Cash Div: R/D 2025-08-21 P/D 2025-09-11 - 24.153493 shares at 0.83","CDIV","","","$20.05"
"9/11/2025","9/11/2025","9/11/2025","AMAT","Cash Div: R/D 2025-08-21 P/D 2025-09-11 - 1.674041 shares at 0.46","CDIV","","","$0.77"
"9/10/2025","9/10/2025","9/11/2025","JNJ","Johnson & Johnson
CUSIP: 478160104
Dividend Reinvestment","Buy","0.00306","$176.43","($0.54)"
"9/9/2025","9/9/2025","9/9/2025","JNJ","Cash Div: R/D 2025-08-26 P/D 2025-09-09 - 0.416245 shares at 1.3","CDIV","","","$0.54"
"9/9/2025","9/9/2025","9/10/2025","WMT","Walmart
CUSIP: 931142103
Recurring","Buy","0.976766","$102.38","($100.00)"
"9/9/2025","9/9/2025","9/10/2025","AMZN","Amazon
CUSIP: 023135106
Recurring","Buy","0.420221","$237.97","($100.00)"
"9/9/2025","9/9/2025","9/10/2025","BLK","Blackrock, Inc.
CUSIP: 09290D101
Recurring","Buy","0.090396","$1,106.24","($100.00)"
"9/9/2025","9/9/2025","9/10/2025","JPM","JPMorgan Chase
CUSIP: 46625H100
Recurring","Buy","0.335541","$298.03","($100.00)"
"9/9/2025","9/9/2025","9/10/2025","ORCL","Oracle
CUSIP: 68389X105
Recurring","Buy","0.83558","$239.35","($200.00)"
"9/9/2025","9/9/2025","9/10/2025","GOOGL","Alphabet Class A
CUSIP: 02079K305
Recurring","Buy","0.420415","$237.86","($100.00)"
"9/9/2025","9/9/2025","9/10/2025","MSFT","Microsoft
CUSIP: 594918104
Recurring","Buy","0.200478","$498.81","($100.00)"
"9/9/2025","9/9/2025","9/10/2025","NVDA","NVIDIA
CUSIP: 67066G104
Recurring","Buy","1.190705","$167.97","($200.00)"
"9/9/2025","9/9/2025","9/10/2025","AVGO","Broadcom
CUSIP: 11135F101
Recurring","Buy","0.295787","$338.08","($100.00)"
"9/9/2025","9/9/2025","9/10/2025","","ACH Deposit","ACH","","","$1,100.00"
"9/9/2025","9/9/2025","9/10/2025","IBN","ICICI Bank
CUSIP: 45104G104
Dividend Reinvestment","Buy","0.033972","$31.79","($1.08)"
"9/8/2025","9/8/2025","9/8/2025","IBN","Cash Div: R/D 2025-08-12 P/D 2025-09-08 - 5.10832 shares at 0.249066","CDIV","","","$1.27"
"9/8/2025","9/8/2025","9/8/2025","IBN","Foreign Tax Witholding at $0.14","DTAX","","","($0.14)"
"9/8/2025","9/8/2025","9/8/2025","IBN","Sponsored ADR: Agency Processing Fee at $0.05","DFEE","","","($0.05)"
"9/5/2025","9/5/2025","9/8/2025","RTX","RTX Corporation
CUSIP: 75513E101
Dividend Reinvestment","Buy","0.004638","$157.39","($0.73)"
"9/4/2025","9/4/2025","9/4/2025","RTX","Cash Div: R/D 2025-08-15 P/D 2025-09-04 - 1.07293 shares at 0.68","CDIV","","","$0.73"
"9/3/2025","9/3/2025","9/4/2025","V","Visa
CUSIP: 92826C839
Dividend Reinvestment","Buy","0.015796","$348.80","($5.51)"
"9/3/2025","9/3/2025","9/4/2025","WMT","Walmart
CUSIP: 931142103
Dividend Reinvestment","Buy","0.170323","$97.99","($16.69)"
"9/2/2025","9/2/2025","9/2/2025","V","Cash Div: R/D 2025-08-12 P/D 2025-09-02 - 9.345208 shares at 0.59","CDIV","","","$5.51"
"9/2/2025","9/2/2025","9/2/2025","WMT","Cash Div: R/D 2025-08-15 P/D 2025-09-02 - 71.008882 shares at 0.235","CDIV","","","$16.69"
"8/22/2025","8/22/2025","8/25/2025","DAL","Delta Air Lines
CUSIP: 247361702
Dividend Reinvestment","Buy","0.000679","$58.83","($0.04)"
"8/21/2025","8/21/2025","8/21/2025","DAL","Cash Div: R/D 2025-07-31 P/D 2025-08-21 - 0.21757 shares at 0.1875","CDIV","","","$0.04"
"8/15/2025","8/15/2025","8/18/2025","AAPL","Apple
CUSIP: 037833100
Dividend Reinvestment","Buy","0.051424","$232.38","($11.95)"
"8/14/2025","8/14/2025","8/14/2025","AAPL","Cash Div: R/D 2025-08-11 P/D 2025-08-14 - 45.957292 shares at 0.26","CDIV","","","$11.95"
"8/13/2025","8/13/2025","8/14/2025","TXN","Texas Instruments
CUSIP: 882508104
Dividend Reinvestment","Buy","0.002426","$193.73","($0.47)"
"8/12/2025","8/12/2025","8/12/2025","TXN","Cash Div: R/D 2025-07-31 P/D 2025-08-12 - 0.348791 shares at 1.36","CDIV","","","$0.47"
"8/11/2025","8/11/2025","8/12/2025","WMT","Walmart
CUSIP: 931142103
Recurring","Buy","0.960714","$104.09","($100.00)"
"8/11/2025","8/11/2025","8/12/2025","AMZN","Amazon
CUSIP: 023135106
Recurring","Buy","0.452837","$220.83","($100.00)"
"8/11/2025","8/11/2025","8/12/2025","BLK","Blackrock, Inc.
CUSIP: 09290D101
Recurring","Buy","0.088462","$1,130.42","($100.00)"
"8/11/2025","8/11/2025","8/12/2025","JPM","JPMorgan Chase
CUSIP: 46625H100
Recurring","Buy","0.345192","$289.69","($100.00)"
"8/11/2025","8/11/2025","8/12/2025","ORCL","Oracle
CUSIP: 68389X105
Recurring","Buy","0.395163","$253.06","($100.00)"
"8/11/2025","8/11/2025","8/12/2025","GOOGL","Alphabet Class A
CUSIP: 02079K305
Recurring","Buy","0.497834","$200.87","($100.00)"
"8/11/2025","8/11/2025","8/12/2025","MSFT","Microsoft
CUSIP: 594918104
Recurring","Buy","0.190657","$524.50","($100.00)"
"8/11/2025","8/11/2025","8/12/2025","NVDA","NVIDIA
CUSIP: 67066G104
Recurring","Buy","1.091643","$183.21","($200.00)"
"8/11/2025","8/11/2025","8/12/2025","AVGO","Broadcom
CUSIP: 11135F101
Recurring","Buy","0.325254","$307.45","($100.00)"
"8/11/2025","8/11/2025","8/12/2025","V","Visa
CUSIP: 92826C839
Recurring","Buy","0.297827","$335.76","($100.00)"
"8/11/2025","8/11/2025","8/12/2025","","ACH Deposit","ACH","","","$1,100.00"
"8/11/2025","8/11/2025","8/12/2025","MA","Mastercard
CUSIP: 57636Q104
Dividend Reinvestment","Buy","0.002419","$574.48","($1.39)"
"8/8/2025","8/8/2025","8/8/2025","MA","Cash Div: R/D 2025-07-09 P/D 2025-08-08 - 1.825623 shares at 0.76","CDIV","","","$1.39"
"8/1/2025","8/1/2025","8/4/2025","JPM","JPMorgan Chase
CUSIP: 46625H100
Dividend Reinvestment","Buy","0.056451","$286.62","($16.18)"
"7/31/2025","7/31/2025","7/31/2025","JPM","Cash Div: R/D 2025-07-03 P/D 2025-07-31 - 11.558211 shares at 1.4","CDIV","","","$16.18"
"7/25/2025","7/25/2025","7/28/2025","ORCL","Oracle
CUSIP: 68389X105
Dividend Reinvestment","Buy","0.001195","$242.66","($0.29)"
"7/24/2025","7/24/2025","7/24/2025","ORCL","Cash Div: R/D 2025-07-10 P/D 2025-07-24 - 0.576412 shares at 0.5","CDIV","","","$0.29"
"7/24/2025","7/24/2025","7/25/2025","DIS","Disney
CUSIP: 254687106
Dividend Reinvestment","Buy","0.004151","$122.85","($0.51)"
"7/24/2025","7/24/2025","7/25/2025","CSCO","Cisco Systems
CUSIP: 17275R102
Dividend Reinvestment","Buy","0.006908","$68.03","($0.47)"
"7/23/2025","7/23/2025","7/23/2025","DIS","Cash Div: R/D 2025-06-24 P/D 2025-07-23 - 1.013041 shares at 0.5","CDIV","","","$0.51"
"7/23/2025","7/23/2025","7/23/2025","CSCO","Cash Div: R/D 2025-07-03 P/D 2025-07-23 - 1.135857 shares at 0.41","CDIV","","","$0.47"
"7/11/2025","7/11/2025","7/14/2025","CRM","Salesforce
CUSIP: 79466L302
Dividend Reinvestment","Buy","0.001607","$261.27","($0.42)"
"7/10/2025","7/10/2025","7/10/2025","CRM","Cash Div: R/D 2025-06-18 P/D 2025-07-10 - 1.007087 shares at 0.416","CDIV","","","$0.42"
"7/9/2025","7/9/2025","7/10/2025","WMT","Walmart
CUSIP: 931142103
Recurring","Buy","1.032858","$96.82","($100.00)"
"7/9/2025","7/9/2025","7/10/2025","AMZN","Amazon
CUSIP: 023135106
Recurring","Buy","0.449175","$222.63","($100.00)"
"7/9/2025","7/9/2025","7/10/2025","BLK","Blackrock, Inc.
CUSIP: 09290D101
Recurring","Buy","0.092209","$1,084.49","($100.00)"
"7/9/2025","7/9/2025","7/10/2025","JPM","JPMorgan Chase
CUSIP: 46625H100
Recurring","Buy","0.352234","$283.90","($100.00)"
"7/9/2025","7/9/2025","7/10/2025","ORCL","Oracle
CUSIP: 68389X105
Recurring","Buy","0.423766","$235.98","($100.00)"
"7/9/2025","7/9/2025","7/10/2025","GOOGL","Alphabet Class A
CUSIP: 02079K305
Recurring","Buy","0.564018","$177.30","($100.00)"
"7/9/2025","7/9/2025","7/10/2025","MSFT","Microsoft
CUSIP: 594918104
Recurring","Buy","0.199394","$501.52","($100.00)"
"7/9/2025","7/9/2025","7/10/2025","NVDA","NVIDIA
CUSIP: 67066G104
Recurring","Buy","1.228138","$162.85","($200.00)"
"7/9/2025","7/9/2025","7/10/2025","AVGO","Broadcom
CUSIP: 11135F101
Recurring","Buy","0.359393","$278.25","($100.00)"
"7/9/2025","7/9/2025","7/10/2025","V","Visa
CUSIP: 92826C839
Recurring","Buy","0.281598","$355.12","($100.00)"
"7/9/2025","7/9/2025","7/10/2025","","ACH Deposit","ACH","","","$1,100.00"
"7/7/2025","7/7/2025","7/8/2025","NVDA","NVIDIA
CUSIP: 67066G104
Dividend Reinvestment","Buy","0.009722","$158.40","($1.54)"
"7/3/2025","7/3/2025","7/3/2025","NVDA","Cash Div: R/D 2025-06-11 P/D 2025-07-03 - 153.943338 shares at 0.01","CDIV","","","$1.54"
"7/3/2025","7/3/2025","7/7/2025","VOO","Vanguard S&P 500 ETF
CUSIP: 922908363
Dividend Reinvestment","Buy","0.000191","$574.89","($0.11)"
"7/2/2025","7/2/2025","7/2/2025","VOO","Cash Div: R/D 2025-06-30 P/D 2025-07-02 - 0.061585 shares at 1.7447","CDIV","","","$0.11"
"7/1/2025","7/1/2025","7/2/2025","AVGO","Broadcom
CUSIP: 11135F101
Dividend Reinvestment","Buy","0.028848","$266.22","($7.68)"
"6/30/2025","6/30/2025","6/30/2025","AVGO","Cash Div: R/D 2025-06-20 P/D 2025-06-30 - 13.025263 shares at 0.59","CDIV","","","$7.68"
"6/30/2025","6/30/2025","7/1/2025","GS","Goldman Sachs
CUSIP: 38141G104
Dividend Reinvestment","Buy","0.000708","$706.18","($0.50)"
"6/30/2025","6/30/2025","7/1/2025","LMT","Lockheed
CUSIP: 539830109
Dividend Reinvestment","Buy","0.001738","$460.19","($0.80)"
"6/30/2025","6/30/2025","7/1/2025","DKS","Dicks Sporting Goods
CUSIP: 253393102
Dividend Reinvestment","Buy","0.006482","$200.55","($1.30)"
"6/27/2025","6/27/2025","6/27/2025","LMT","Cash Div: R/D 2025-06-02 P/D 2025-06-27 - 0.242117 shares at 3.3","CDIV","","","$0.80"
"6/27/2025","6/27/2025","6/27/2025","DKS","Cash Div: R/D 2025-06-13 P/D 2025-06-27 - 1.075015 shares at 1.2125","CDIV","","","$1.30"
"6/27/2025","6/27/2025","6/27/2025","GS","Cash Div: R/D 2025-05-30 P/D 2025-06-27 - 0.167653 shares at 3","CDIV","","","$0.50"
"6/27/2025","6/27/2025","6/30/2025","META","Meta Platforms
CUSIP: 30303M102
Dividend Reinvestment","Buy","0.000136","$731.31","($0.10)"
"6/27/2025","6/27/2025","6/30/2025","QCOM","Qualcomm
CUSIP: 747525103
Dividend Reinvestment","Buy","0.000749","$160.00","($0.12)"
"6/26/2025","6/26/2025","6/26/2025","META","Cash Div: R/D 2025-06-16 P/D 2025-06-26 - 0.182667 shares at 0.525","CDIV","","","$0.10"
"6/26/2025","6/26/2025","6/26/2025","QCOM","Cash Div: R/D 2025-06-05 P/D 2025-06-26 - 0.134043 shares at 0.89","CDIV","","","$0.12"
"6/24/2025","6/24/2025","6/25/2025","BLK","Blackrock, Inc.
CUSIP: 09290D101
Dividend Reinvestment","Buy","0.024458","$1,000.06","($24.46)"
"6/23/2025","6/23/2025","6/23/2025","BLK","Cash Div: R/D 2025-06-05 P/D 2025-06-23 - 4.69386 shares at 5.21","CDIV","","","$24.46"
"6/20/2025","6/20/2025","6/23/2025","NOC","Northrop Grumman
CUSIP: 666807102
Dividend Reinvestment","Buy","0.00012","$497.06","($0.06)"
"6/20/2025","6/20/2025","6/23/2025","EA","EA
CUSIP: 285512109
Dividend Reinvestment","Buy","0.001261","$150.66","($0.19)"
"6/18/2025","6/18/2025","6/18/2025","NOC","Cash Div: R/D 2025-06-02 P/D 2025-06-18 - 0.025117 shares at 2.31","CDIV","","","$0.06"
"6/18/2025","6/18/2025","6/18/2025","EA","Cash Div: R/D 2025-05-28 P/D 2025-06-18 - 1.01604 shares at 0.19","CDIV","","","$0.19"
"6/17/2025","6/17/2025","6/18/2025","GOOGL","Alphabet Class A
CUSIP: 02079K305
Dividend Reinvestment","Buy","0.056151","$176.31","($9.90)"
"6/16/2025","6/16/2025","6/16/2025","GOOGL","Cash Div: R/D 2025-06-09 P/D 2025-06-16 - 47.119136 shares at 0.21","CDIV","","","$9.90"
"6/13/2025","6/13/2025","6/16/2025","MSFT","Microsoft
CUSIP: 594918104
Dividend Reinvestment","Buy","0.040996","$475.90","($19.51)"
"6/13/2025","6/13/2025","6/16/2025","RTX","RTX Corporation
CUSIP: 75513E101
Dividend Reinvestment","Buy","0.005052","$144.49","($0.73)"
"6/13/2025","6/13/2025","6/16/2025","AMAT","Applied Materials
CUSIP: 038222105
Dividend Reinvestment","Buy","0.004497","$171.20","($0.77)"
"6/12/2025","6/12/2025","6/12/2025","MSFT","Cash Div: R/D 2025-05-15 P/D 2025-06-12 - 23.510936 shares at 0.83","CDIV","","","$19.51"
"6/12/2025","6/12/2025","6/12/2025","RTX","Cash Div: R/D 2025-05-23 P/D 2025-06-12 - 1.067878 shares at 0.68","CDIV","","","$0.73"
"6/12/2025","6/12/2025","6/12/2025","AMAT","Cash Div: R/D 2025-05-22 P/D 2025-06-12 - 1.669544 shares at 0.46","CDIV","","","$0.77"
"6/11/2025","6/11/2025","6/12/2025","JNJ","Johnson & Johnson
CUSIP: 478160104
Dividend Reinvestment","Buy","0.003458","$156.15","($0.54)"
"6/10/2025","6/10/2025","6/10/2025","JNJ","Cash Div: R/D 2025-05-27 P/D 2025-06-10 - 0.412787 shares at 1.3","CDIV","","","$0.54"
"6/9/2025","6/9/2025","6/10/2025","AMZN","Amazon
CUSIP: 023135106
Recurring","Buy","0.459875","$217.45","($100.00)"
"6/9/2025","6/9/2025","6/10/2025","WMT","Walmart
CUSIP: 931142103
Recurring","Buy","1.026815","$97.39","($100.00)"
"6/9/2025","6/9/2025","6/10/2025","NVDA","NVIDIA
CUSIP: 67066G104
Recurring","Buy","1.406183","$142.23","($200.00)"
"6/9/2025","6/9/2025","6/10/2025","V","Visa
CUSIP: 92826C839
Recurring","Buy","0.272524","$366.94","($100.00)"
"6/9/2025","6/9/2025","6/10/2025","AVGO","Broadcom
CUSIP: 11135F101
Recurring","Buy","0.409475","$244.22","($100.00)"
"6/9/2025","6/9/2025","6/10/2025","GOOGL","Alphabet Class A
CUSIP: 02079K305
Recurring","Buy","0.568165","$176.00","($100.00)"
"6/9/2025","6/9/2025","6/10/2025","MSFT","Microsoft
CUSIP: 594918104
Recurring","Buy","0.21151","$472.79","($100.00)"
"6/9/2025","6/9/2025","6/10/2025","JPM","JPMorgan Chase
CUSIP: 46625H100
Recurring","Buy","0.373792","$267.53","($100.00)"
"6/9/2025","6/9/2025","6/10/2025","BLK","Blackrock, Inc.
CUSIP: 09290D101
Recurring","Buy","0.100582","$994.21","($100.00)"
"6/9/2025","6/9/2025","6/10/2025","","ACH Deposit","ACH","","","$1,000.00"
"6/4/2025","6/4/2025","6/5/2025","DAL","Delta Air Lines
CUSIP: 247361702
Dividend Reinvestment","Buy","0.00061","$49.16","($0.03)"
"6/3/2025","6/3/2025","6/3/2025","DAL","Cash Div: R/D 2025-05-13 P/D 2025-06-03 - 0.21696 shares at 0.15","CDIV","","","$0.03"
"6/3/2025","6/3/2025","6/4/2025","V","Visa
CUSIP: 92826C839
Dividend Reinvestment","Buy","0.013714","$364.58","($5.00)"
"6/2/2025","6/2/2025","6/2/2025","V","Cash Div: R/D 2025-05-13 P/D 2025-06-02 - 8.479545 shares at 0.59","CDIV","","","$5.00"
"5/28/2025","5/28/2025","5/29/2025","WMT","Walmart
CUSIP: 931142103
Dividend Reinvestment","Buy","0.161176","$97.41","($15.70)"
"5/27/2025","5/27/2025","5/27/2025","WMT","Cash Div: R/D 2025-05-09 P/D 2025-05-27 - 66.795985 shares at 0.235","CDIV","","","$15.70"
"5/16/2025","5/16/2025","5/19/2025","AAPL","Apple
CUSIP: 037833100
Dividend Reinvestment","Buy","0.056775","$210.12","($11.93)"
"5/15/2025","5/15/2025","5/15/2025","AAPL","Cash Div: R/D 2025-05-12 P/D 2025-05-15 - 45.900517 shares at 0.26","CDIV","","","$11.93"
"5/14/2025","5/14/2025","5/15/2025","TXN","Texas Instruments
CUSIP: 882508104
Dividend Reinvestment","Buy","0.002535","$185.35","($0.47)"
"5/13/2025","5/13/2025","5/13/2025","TXN","Cash Div: R/D 2025-04-30 P/D 2025-05-13 - 0.346256 shares at 1.36","CDIV","","","$0.47"
"5/12/2025","5/12/2025","5/13/2025","MA","Mastercard
CUSIP: 57636Q104
Dividend Reinvestment","Buy","0.002433","$571.16","($1.39)"
"5/9/2025","5/9/2025","5/9/2025","MA","Cash Div: R/D 2025-04-09 P/D 2025-05-09 - 1.82319 shares at 0.76","CDIV","","","$1.39"
"5/9/2025","5/9/2025","5/12/2025","WMT","Walmart
CUSIP: 931142103
Recurring","Buy","1.031334","$96.96","($100.00)"
"5/9/2025","5/9/2025","5/12/2025","AMZN","Amazon
CUSIP: 023135106
Recurring","Buy","0.518968","$192.69","($100.00)"
"5/9/2025","5/9/2025","5/12/2025","JPM","JPMorgan Chase
CUSIP: 46625H100
Recurring","Buy","0.395057","$253.13","($100.00)"
"5/9/2025","5/9/2025","5/12/2025","GOOGL","Alphabet Class A
CUSIP: 02079K305
Recurring","Buy","0.655093","$152.65","($100.00)"
"5/9/2025","5/9/2025","5/12/2025","MSFT","Microsoft
CUSIP: 594918104
Recurring","Buy","0.22896","$436.76","($100.00)"
"5/9/2025","5/9/2025","5/12/2025","NVDA","NVIDIA
CUSIP: 67066G104
Recurring","Buy","1.717584","$116.44","($200.00)"
"5/9/2025","5/9/2025","5/12/2025","AVGO","Broadcom
CUSIP: 11135F101
Recurring","Buy","0.482799","$207.13","($100.00)"
"5/9/2025","5/9/2025","5/12/2025","V","Visa
CUSIP: 92826C839
Recurring","Buy","0.284224","$351.84","($100.00)"
"5/9/2025","5/9/2025","5/12/2025","","ACH Deposit","ACH","","","$900.00"
"5/1/2025","5/1/2025","5/2/2025","JPM","JPMorgan Chase
CUSIP: 46625H100
Dividend Reinvestment","Buy","0.058834","$244.92","($14.41)"
"4/30/2025","4/30/2025","4/30/2025","JPM","Cash Div: R/D 2025-04-04 P/D 2025-04-30 - 10.294485 shares at 1.4","CDIV","","","$14.41"
"4/25/2025","4/25/2025","4/28/2025","CRM","Salesforce
CUSIP: 79466L302
Dividend Reinvestment","Buy","0.001586","$264.74","($0.42)"
"4/24/2025","4/24/2025","4/24/2025","CRM","Cash Div: R/D 2025-04-10 P/D 2025-04-24 - 1.005501 shares at 0.416","CDIV","","","$0.42"
"4/24/2025","4/24/2025","4/25/2025","ORCL","Oracle
CUSIP: 68389X105
Dividend Reinvestment","Buy","0.000588","$136.02","($0.08)"
"4/24/2025","4/24/2025","4/25/2025","CSCO","Cisco Systems
CUSIP: 17275R102
Dividend Reinvestment","Buy","0.008201","$56.08","($0.46)"
"4/23/2025","4/23/2025","4/23/2025","ORCL","Cash Div: R/D 2025-04-10 P/D 2025-04-23 - 0.152058 shares at 0.5","CDIV","","","$0.08"
"4/23/2025","4/23/2025","4/23/2025","CSCO","Cash Div: R/D 2025-04-03 P/D 2025-04-23 - 1.127656 shares at 0.41","CDIV","","","$0.46"
"4/14/2025","4/14/2025","4/15/2025","DKS","Dicks Sporting Goods
CUSIP: 253393102
Dividend Reinvestment","Buy","0.00694","$187.31","($1.30)"
"4/11/2025","4/11/2025","4/11/2025","DKS","Cash Div: R/D 2025-03-28 P/D 2025-04-11 - 1.068075 shares at 1.2125","CDIV","","","$1.30"
"4/9/2025","4/9/2025","4/10/2025","WMT","Walmart
CUSIP: 931142103
Recurring","Buy","1.116927","$89.53","($100.00)"
"4/9/2025","4/9/2025","4/10/2025","V","Visa
CUSIP: 92826C839
Recurring","Buy","0.307436","$325.27","($100.00)"
"4/9/2025","4/9/2025","4/10/2025","AMZN","Amazon
CUSIP: 023135106
Recurring","Buy","0.544605","$183.62","($100.00)"
"4/9/2025","4/9/2025","4/10/2025","JPM","JPMorgan Chase
CUSIP: 46625H100
Recurring","Buy","0.436043","$229.34","($100.00)"
"4/9/2025","4/9/2025","4/10/2025","GOOGL","Alphabet Class A
CUSIP: 02079K305
Recurring","Buy","0.648214","$154.27","($100.00)"
"4/9/2025","4/9/2025","4/10/2025","MSFT","Microsoft
CUSIP: 594918104
Recurring","Buy","0.259465","$385.41","($100.00)"
"4/9/2025","4/9/2025","4/10/2025","NVDA","NVIDIA
CUSIP: 67066G104
Recurring","Buy","0.914831","$109.31","($100.00)"
"4/9/2025","4/9/2025","4/10/2025","AAPL","Apple
CUSIP: 037833100
Recurring","Buy","1.051718","$190.16","($200.00)"
"4/9/2025","4/9/2025","4/10/2025","","ACH Deposit","ACH","","","$900.00"
"4/8/2025","4/8/2025","4/9/2025","WMT","Walmart
CUSIP: 931142103
Dividend Reinvestment","Buy","0.177026","$86.94","($15.39)"
"4/7/2025","4/7/2025","4/7/2025","WMT","Cash Div: R/D 2025-03-21 P/D 2025-04-07 - 65.502032 shares at 0.235","CDIV","","","$15.39"
"4/3/2025","4/3/2025","4/4/2025","NVDA","NVIDIA
CUSIP: 67066G104
Dividend Reinvestment","Buy","0.014453","$103.78","($1.50)"
"4/2/2025","4/2/2025","4/2/2025","NVDA","Cash Div: R/D 2025-03-12 P/D 2025-04-02 - 149.890287 shares at 0.01","CDIV","","","$1.50"
"4/1/2025","4/1/2025","4/2/2025","VOO","Vanguard S&P 500 ETF
CUSIP: 922908363
Dividend Reinvestment","Buy","0.000213","$515.12","($0.11)"
"4/1/2025","4/1/2025","4/2/2025","AVGO","Broadcom
CUSIP: 11135F101
Dividend Reinvestment","Buy","0.043332","$164.54","($7.13)"
"3/31/2025","3/31/2025","3/31/2025","AVGO","Cash Div: R/D 2025-03-20 P/D 2025-03-31 - 12.089657 shares at 0.59","CDIV","","","$7.13"
"3/31/2025","3/31/2025","3/31/2025","VOO","Cash Div: R/D 2025-03-27 P/D 2025-03-31 - 0.061372 shares at 1.8121","CDIV","","","$0.11"
"3/31/2025","3/31/2025","4/1/2025","GS","Goldman Sachs
CUSIP: 38141G104
Dividend Reinvestment","Buy","0.00093","$537.15","($0.50)"
"3/31/2025","3/31/2025","4/1/2025","LMT","Lockheed
CUSIP: 539830109
Dividend Reinvestment","Buy","0.001756","$449.78","($0.79)"
"3/28/2025","3/28/2025","3/28/2025","LMT","Cash Div: R/D 2025-03-03 P/D 2025-03-28 - 0.240361 shares at 3.3","CDIV","","","$0.79"
"3/28/2025","3/28/2025","3/28/2025","GS","Cash Div: R/D 2025-02-28 P/D 2025-03-28 - 0.166723 shares at 3","CDIV","","","$0.50"
"3/28/2025","3/28/2025","3/31/2025","QCOM","Qualcomm
CUSIP: 747525103
Dividend Reinvestment","Buy","0.000712","$154.37","($0.11)"
"3/27/2025","3/27/2025","3/27/2025","QCOM","Cash Div: R/D 2025-03-06 P/D 2025-03-27 - 0.133331 shares at 0.85","CDIV","","","$0.11"
"3/27/2025","3/27/2025","3/28/2025","META","Meta Platforms
CUSIP: 30303M102
Dividend Reinvestment","Buy","0.000163","$612.80","($0.10)"
"3/26/2025","3/26/2025","3/26/2025","META","Cash Div: R/D 2025-03-14 P/D 2025-03-26 - 0.182504 shares at 0.525","CDIV","","","$0.10"
"3/25/2025","3/25/2025","3/26/2025","BLK","Blackrock, Inc.
CUSIP: 09290D101
Dividend Reinvestment","Buy","0.024995","$972.97","($24.32)"
"3/24/2025","3/24/2025","3/24/2025","BLK","Cash Div: R/D 2025-03-07 P/D 2025-03-24 - 4.668865 shares at 5.21","CDIV","","","$24.32"
"3/21/2025","3/21/2025","3/24/2025","DAL","Delta Air Lines
CUSIP: 247361702
Dividend Reinvestment","Buy","0.000646","$46.41","($0.03)"
"3/21/2025","3/21/2025","3/24/2025","RTX","RTX Corporation
CUSIP: 75513E101
Dividend Reinvestment","Buy","0.005026","$133.30","($0.67)"
"3/20/2025","3/20/2025","3/20/2025","DAL","Cash Div: R/D 2025-02-27 P/D 2025-03-20 - 0.216314 shares at 0.15","CDIV","","","$0.03"
"3/20/2025","3/20/2025","3/20/2025","RTX","Cash Div: R/D 2025-02-21 P/D 2025-03-20 - 1.062852 shares at 0.63","CDIV","","","$0.67"
"3/20/2025","3/20/2025","3/21/2025","NOC","Northrop Grumman
CUSIP: 666807102
Dividend Reinvestment","Buy","0.000101","$491.84","($0.05)"
"3/20/2025","3/20/2025","3/21/2025","EA","EA
CUSIP: 285512109
Dividend Reinvestment","Buy","0.001331","$142.69","($0.19)"
"3/19/2025","3/19/2025","3/19/2025","EA","Cash Div: R/D 2025-02-26 P/D 2025-03-19 - 1.014709 shares at 0.19","CDIV","","","$0.19"
"3/19/2025","3/19/2025","3/19/2025","NOC","Cash Div: R/D 2025-03-03 P/D 2025-03-19 - 0.025016 shares at 2.06","CDIV","","","$0.05"
"3/18/2025","3/18/2025","3/19/2025","GOOGL","Alphabet Class A
CUSIP: 02079K305
Dividend Reinvestment","Buy","0.057119","$158.09","($9.03)"
"3/17/2025","3/17/2025","3/17/2025","GOOGL","Cash Div: R/D 2025-03-10 P/D 2025-03-17 - 45.150862 shares at 0.2","CDIV","","","$9.03"
"3/14/2025","3/14/2025","3/17/2025","MSFT","Microsoft
CUSIP: 594918104
Dividend Reinvestment","Buy","0.049234","$382.86","($18.85)"
"3/14/2025","3/14/2025","3/17/2025","AMAT","Applied Materials
CUSIP: 038222105
Dividend Reinvestment","Buy","0.004363","$153.55","($0.67)"
"3/13/2025","3/13/2025","3/13/2025","AMAT","Cash Div: R/D 2025-02-20 P/D 2025-03-13 - 1.665181 shares at 0.4","CDIV","","","$0.67"
"3/13/2025","3/13/2025","3/13/2025","MSFT","Cash Div: R/D 2025-02-20 P/D 2025-03-13 - 22.709774 shares at 0.83","CDIV","","","$18.85"
"3/10/2025","3/10/2025","3/11/2025","WMT","Walmart
CUSIP: 931142103
Recurring","Buy","1.142164","$87.55","($100.00)"
"3/10/2025","3/10/2025","3/11/2025","V","Visa
CUSIP: 92826C839
Recurring","Buy","0.293895","$340.26","($100.00)"
"3/10/2025","3/10/2025","3/11/2025","AMZN","Amazon
CUSIP: 023135106
Recurring","Buy","0.519102","$192.64","($100.00)"
"3/10/2025","3/10/2025","3/11/2025","JPM","JPMorgan Chase
CUSIP: 46625H100
Recurring","Buy","0.434319","$230.24","($100.00)"
"3/10/2025","3/10/2025","3/11/2025","AAPL","Apple
CUSIP: 037833100
Recurring","Buy","0.88651","$225.60","($200.00)"
"3/10/2025","3/10/2025","3/11/2025","GOOGL","Alphabet Class A
CUSIP: 02079K305
Recurring","Buy","0.607848","$164.51","($100.00)"
"3/10/2025","3/10/2025","3/11/2025","MSFT","Microsoft
CUSIP: 594918104
Recurring","Buy","0.263503","$379.50","($100.00)"
"3/10/2025","3/10/2025","3/11/2025","NVDA","NVIDIA
CUSIP: 67066G104
Recurring","Buy","0.933796","$107.09","($100.00)"
"3/10/2025","3/10/2025","3/11/2025","","ACH Deposit","ACH","","","$900.00"
"3/5/2025","3/5/2025","3/6/2025","JNJ","Johnson & Johnson
CUSIP: 478160104
Dividend Reinvestment","Buy","0.00311","$163.98","($0.51)"
"3/4/2025","3/4/2025","3/4/2025","JNJ","Cash Div: R/D 2025-02-18 P/D 2025-03-04 - 0.409677 shares at 1.24","CDIV","","","$0.51"
"3/4/2025","3/4/2025","3/5/2025","V","Visa
CUSIP: 92826C839
Dividend Reinvestment","Buy","0.012637","$353.70","($4.47)"
"3/3/2025","3/3/2025","3/3/2025","V","Cash Div: R/D 2025-02-11 P/D 2025-03-03 - 7.581353 shares at 0.59","CDIV","","","$4.47"
"2/14/2025","2/14/2025","2/18/2025","AAPL","Apple
CUSIP: 037833100
Dividend Reinvestment","Buy","0.044169","$243.60","($10.76)"
"2/13/2025","2/13/2025","2/13/2025","AAPL","Cash Div: R/D 2025-02-10 P/D 2025-02-13 - 43.042763 shares at 0.25","CDIV","","","$10.76"
"2/12/2025","2/12/2025","2/13/2025","TXN","Texas Instruments
CUSIP: 882508104
Dividend Reinvestment","Buy","0.002641","$177.93","($0.47)"
"2/11/2025","2/11/2025","2/11/2025","TXN","Cash Div: R/D 2025-01-31 P/D 2025-02-11 - 0.343615 shares at 1.36","CDIV","","","$0.47"
"2/10/2025","2/10/2025","2/11/2025","WMT","Walmart
CUSIP: 931142103
Recurring","Buy","0.977947","$102.26","($100.00)"
"2/10/2025","2/10/2025","2/11/2025","V","Visa
CUSIP: 92826C839
Recurring","Buy","0.284823","$351.10","($100.00)"
"2/10/2025","2/10/2025","2/11/2025","AMZN","Amazon
CUSIP: 023135106
Recurring","Buy","0.429627","$232.76","($100.00)"
"2/10/2025","2/10/2025","2/11/2025","AAPL","Apple
CUSIP: 037833100
Recurring","Buy","0.875357","$228.48","($200.00)"
"2/10/2025","2/10/2025","2/11/2025","GOOGL","Alphabet Class A
CUSIP: 02079K305
Recurring","Buy","0.535479","$186.75","($100.00)"
"2/10/2025","2/10/2025","2/11/2025","MSFT","Microsoft
CUSIP: 594918104
Recurring","Buy","0.242101","$413.05","($100.00)"
"2/10/2025","2/10/2025","2/11/2025","NVDA","NVIDIA
CUSIP: 67066G104
Recurring","Buy","0.742726","$134.64","($100.00)"
"2/10/2025","2/10/2025","2/11/2025","JPM","JPMorgan Chase
CUSIP: 46625H100
Recurring","Buy","0.368868","$271.10","($100.00)"
"2/10/2025","2/10/2025","2/11/2025","","ACH Deposit","ACH","","","$900.00"
"2/10/2025","2/10/2025","2/11/2025","MA","Mastercard
CUSIP: 57636Q104
Dividend Reinvestment","Buy","0.002442","$565.06","($1.38)"
"2/7/2025","2/7/2025","2/7/2025","MA","Cash Div: R/D 2025-01-09 P/D 2025-02-07 - 1.820748 shares at 0.76","CDIV","","","$1.38"
"2/3/2025","2/3/2025","2/4/2025","JPM","JPMorgan Chase
CUSIP: 46625H100
Dividend Reinvestment","Buy","0.042377","$266.41","($11.29)"
"1/31/2025","1/31/2025","1/31/2025","JPM","Cash Div: R/D 2025-01-06 P/D 2025-01-31 - 9.03332 shares at 1.25","CDIV","","","$11.29"
"1/24/2025","1/24/2025","1/27/2025","ORCL","Oracle
CUSIP: 68389X105
Dividend Reinvestment","Buy","0.000324","$184.66","($0.06)"
"1/23/2025","1/23/2025","1/23/2025","ORCL","Cash Div: R/D 2025-01-09 P/D 2025-01-23 - 0.151734 shares at 0.4","CDIV","","","$0.06"
"1/23/2025","1/23/2025","1/24/2025","CSCO","Cisco Systems
CUSIP: 17275R102
Dividend Reinvestment","Buy","0.007325","$61.43","($0.45)"
"1/22/2025","1/22/2025","1/22/2025","CSCO","Cash Div: R/D 2025-01-03 P/D 2025-01-22 - 1.120331 shares at 0.4","CDIV","","","$0.45"
"1/17/2025","1/17/2025","1/21/2025","DIS","Disney
CUSIP: 254687106
Dividend Reinvestment","Buy","0.004648","$107.56","($0.50)"
"1/16/2025","1/16/2025","1/16/2025","DIS","Cash Div: R/D 2024-12-16 P/D 2025-01-16 - 1.008393 shares at 0.5","CDIV","","","$0.50"
"1/10/2025","1/10/2025","1/13/2025","WMT","Walmart
CUSIP: 931142103
Recurring","Buy","1.072558","$93.24","($100.00)"
"1/10/2025","1/10/2025","1/13/2025","AMZN","Amazon
CUSIP: 023135106
Recurring","Buy","0.454338","$220.10","($100.00)"
"1/10/2025","1/10/2025","1/13/2025","JPM","JPMorgan Chase
CUSIP: 46625H100
Recurring","Buy","0.415601","$240.62","($100.00)"
"1/10/2025","1/10/2025","1/13/2025","AAPL","Apple
CUSIP: 037833100
Recurring","Buy","0.843813","$237.02","($200.00)"
"1/10/2025","1/10/2025","1/13/2025","GOOGL","Alphabet Class A
CUSIP: 02079K305
Recurring","Buy","0.515104","$194.14","($100.00)"
"1/10/2025","1/10/2025","1/13/2025","MSFT","Microsoft
CUSIP: 594918104
Recurring","Buy","0.236748","$422.39","($100.00)"
"1/10/2025","1/10/2025","1/13/2025","NVDA","NVIDIA
CUSIP: 67066G104
Recurring","Buy","0.732548","$136.51","($100.00)"
"1/10/2025","1/10/2025","1/13/2025","V","Visa
CUSIP: 92826C839
Recurring","Buy","0.324907","$307.78","($100.00)"
"1/10/2025","1/10/2025","1/13/2025","","ACH Deposit","ACH","","","$900.00"
"1/10/2025","1/10/2025","1/13/2025","CRM","Salesforce
CUSIP: 79466L302
Dividend Reinvestment","Buy","0.001253","$319.11","($0.40)"
"1/9/2025","1/9/2025","1/9/2025","CRM","Cash Div: R/D 2024-12-18 P/D 2025-01-09 - 1.004248 shares at 0.4","CDIV","","","$0.40"
"1/7/2025","1/7/2025","1/8/2025","WMT","Walmart
CUSIP: 931142103
Dividend Reinvestment","Buy","0.142258","$90.68","($12.90)"
"1/6/2025","1/6/2025","1/6/2025","WMT","Cash Div: R/D 2024-12-13 P/D 2025-01-06 - 62.167105 shares at 0.2075","CDIV","","","$12.90"
"1/2/2025","1/2/2025","1/3/2025","AVGO","Broadcom
CUSIP: 11135F101
Dividend Reinvestment","Buy","0.030255","$235.33","($7.12)"
"12/31/2024","12/31/2024","12/31/2024","AVGO","Cash Div: R/D 2024-12-23 P/D 2024-12-31 - 12.059402 shares at 0.59","CDIV","","","$7.12"
"12/31/2024","12/31/2024","1/2/2025","GS","Goldman Sachs
CUSIP: 38141G104
Dividend Reinvestment","Buy","0.000869","$574.86","($0.50)"
"12/30/2024","12/30/2024","12/30/2024","GS","Cash Div: R/D 2024-12-02 P/D 2024-12-30 - 0.165854 shares at 3","CDIV","","","$0.50"
"12/30/2024","12/30/2024","12/31/2024","NVDA","NVIDIA
CUSIP: 67066G104
Dividend Reinvestment","Buy","0.010677","$137.67","($1.47)"
"12/30/2024","12/30/2024","12/31/2024","META","Meta Platforms
CUSIP: 30303M102
Dividend Reinvestment","Buy","0.000152","$591.20","($0.09)"
"12/30/2024","12/30/2024","12/31/2024","DKS","Dicks Sporting Goods
CUSIP: 253393102
Dividend Reinvestment","Buy","0.00508","$230.29","($1.17)"
"12/30/2024","12/30/2024","12/31/2024","LMT","Lockheed
CUSIP: 539830109
Dividend Reinvestment","Buy","0.001636","$482.78","($0.79)"
"12/27/2024","12/27/2024","12/27/2024","LMT","Cash Div: R/D 2024-12-02 P/D 2024-12-27 - 0.238725 shares at 3.3","CDIV","","","$0.79"
"12/27/2024","12/27/2024","12/27/2024","DKS","Cash Div: R/D 2024-12-13 P/D 2024-12-27 - 1.062995 shares at 1.1","CDIV","","","$1.17"
"12/27/2024","12/27/2024","12/27/2024","NVDA","Cash Div: R/D 2024-12-05 P/D 2024-12-27 - 146.753742 shares at 0.01","CDIV","","","$1.47"
"12/27/2024","12/27/2024","12/27/2024","META","Cash Div: R/D 2024-12-16 P/D 2024-12-27 - 0.182352 shares at 0.5","CDIV","","","$0.09"
"12/27/2024","12/27/2024","12/30/2024","VOO","Vanguard S&P 500 ETF
CUSIP: 922908363
Dividend Reinvestment","Buy","0.000201","$545.19","($0.11)"
"12/26/2024","12/26/2024","12/26/2024","VOO","Cash Div: R/D 2024-12-23 P/D 2024-12-26 - 0.061171 shares at 1.7385","CDIV","","","$0.11"
"12/24/2024","12/24/2024","12/26/2024","BLK","Blackrock, Inc.
CUSIP: 09290D101
Dividend Reinvestment","Buy","0.022559","$1,050.57","($23.70)"
"12/23/2024","12/23/2024","12/23/2024","BLK","Cash Div: R/D 2024-12-05 P/D 2024-12-23 - 4.646306 shares at 5.1","CDIV","","","$23.70"
"12/20/2024","12/20/2024","12/23/2024","QCOM","Qualcomm
CUSIP: 747525103
Dividend Reinvestment","Buy","0.000724","$151.74","($0.11)"
"12/19/2024","12/19/2024","12/19/2024","QCOM","Cash Div: R/D 2024-12-05 P/D 2024-12-19 - 0.132607 shares at 0.85","CDIV","","","$0.11"
"12/19/2024","12/19/2024","12/20/2024","NOC","Northrop Grumman
CUSIP: 666807102
Dividend Reinvestment","Buy","0.000106","$467.33","($0.05)"
"12/19/2024","12/19/2024","12/20/2024","EA","EA
CUSIP: 285512109
Dividend Reinvestment","Buy","0.001265","$150.11","($0.19)"
"12/18/2024","12/18/2024","12/18/2024","EA","Cash Div: R/D 2024-11-27 P/D 2024-12-18 - 1.013444 shares at 0.19","CDIV","","","$0.19"
"12/18/2024","12/18/2024","12/18/2024","NOC","Cash Div: R/D 2024-12-02 P/D 2024-12-18 - 0.02491 shares at 2.06","CDIV","","","$0.05"
"12/17/2024","12/17/2024","12/18/2024","GOOGL","Alphabet Class A
CUSIP: 02079K305
Dividend Reinvestment","Buy","0.044864","$196.37","($8.81)"
"12/16/2024","12/16/2024","12/16/2024","GOOGL","Cash Div: R/D 2024-12-09 P/D 2024-12-16 - 44.055415 shares at 0.2","CDIV","","","$8.81"
"12/13/2024","12/13/2024","12/16/2024","MSFT","Microsoft
CUSIP: 594918104
Dividend Reinvestment","Buy","0.040976","$449.53","($18.42)"
"12/13/2024","12/13/2024","12/16/2024","RTX","RTX Corporation
CUSIP: 75513E101
Dividend Reinvestment","Buy","0.005738","$116.76","($0.67)"
"12/13/2024","12/13/2024","12/16/2024","AMAT","Applied Materials
CUSIP: 038222105
Dividend Reinvestment","Buy","0.003904","$169.03","($0.66)"
"12/12/2024","12/12/2024","12/12/2024","MSFT","Cash Div: R/D 2024-11-21 P/D 2024-12-12 - 22.189949 shares at 0.83","CDIV","","","$18.42"
"12/12/2024","12/12/2024","12/12/2024","AMAT","Cash Div: R/D 2024-11-21 P/D 2024-12-12 - 1.661277 shares at 0.4","CDIV","","","$0.66"
"12/12/2024","12/12/2024","12/12/2024","RTX","Cash Div: R/D 2024-11-15 P/D 2024-12-12 - 1.057114 shares at 0.63","CDIV","","","$0.67"
"12/11/2024","12/11/2024","12/12/2024","JNJ","Johnson & Johnson
CUSIP: 478160104
Dividend Reinvestment","Buy","0.003388","$147.56","($0.50)"
"12/10/2024","12/10/2024","12/10/2024","JNJ","Cash Div: R/D 2024-11-26 P/D 2024-12-10 - 0.406289 shares at 1.24","CDIV","","","$0.50"
"12/9/2024","12/9/2024","12/10/2024","NVDA","NVIDIA
CUSIP: 67066G104
Recurring","Buy","0.716798","$139.51","($100.00)"
"12/9/2024","12/9/2024","12/10/2024","","ACH Deposit","ACH","","","$100.00"
"12/3/2024","12/3/2024","12/4/2024","V","Visa
CUSIP: 92826C839
Dividend Reinvestment","Buy","0.013064","$314.60","($4.11)"
"12/2/2024","12/2/2024","12/2/2024","V","Cash Div: R/D 2024-11-12 P/D 2024-12-02 - 6.958559 shares at 0.59","CDIV","","","$4.11"
"11/15/2024","11/15/2024","11/18/2024","AAPL","Apple
CUSIP: 037833100
Dividend Reinvestment","Buy","0.046914","$224.66","($10.54)"
"11/14/2024","11/14/2024","11/14/2024","AAPL","Cash Div: R/D 2024-11-11 P/D 2024-11-14 - 42.152036 shares at 0.25","CDIV","","","$10.54"
"11/13/2024","11/13/2024","11/14/2024","TXN","Texas Instruments
CUSIP: 882508104
Dividend Reinvestment","Buy","0.002207","$208.38","($0.46)"
"11/12/2024","11/12/2024","11/12/2024","TXN","Cash Div: R/D 2024-10-31 P/D 2024-11-12 - 0.341408 shares at 1.36","CDIV","","","$0.46"
"11/11/2024","11/11/2024","11/12/2024","NVDA","NVIDIA
CUSIP: 67066G104
Recurring","Buy","0.690095","$144.91","($100.00)"
"11/11/2024","11/11/2024","11/13/2024","","ACH Deposit","ACH","","","$100.00"
"11/11/2024","11/11/2024","11/12/2024","MA","Mastercard
CUSIP: 57636Q104
Dividend Reinvestment","Buy","0.00225","$533.24","($1.20)"
"11/8/2024","11/8/2024","11/8/2024","MA","Cash Div: R/D 2024-10-09 P/D 2024-11-08 - 1.818498 shares at 0.66","CDIV","","","$1.20"
"11/1/2024","11/1/2024","11/4/2024","JPM","JPMorgan Chase
CUSIP: 46625H100
Dividend Reinvestment","Buy","0.047278","$225.26","($10.65)"
"11/1/2024","11/1/2024","11/4/2024","DAL","Delta Air Lines
CUSIP: 247361702
Dividend Reinvestment","Buy","0.000512","$58.56","($0.03)"
"10/31/2024","10/31/2024","10/31/2024","JPM","Cash Div: R/D 2024-10-04 P/D 2024-10-31 - 8.518807 shares at 1.25","CDIV","","","$10.65"
"10/31/2024","10/31/2024","10/31/2024","DAL","Cash Div: R/D 2024-10-10 P/D 2024-10-31 - 0.215802 shares at 0.15","CDIV","","","$0.03"
"10/25/2024","10/25/2024","10/28/2024","ORCL","Oracle
CUSIP: 68389X105
Dividend Reinvestment","Buy","0.000341","$175.63","($0.06)"
"10/24/2024","10/24/2024","10/24/2024","ORCL","Cash Div: R/D 2024-10-10 P/D 2024-10-24 - 0.151393 shares at 0.4","CDIV","","","$0.06"
"10/24/2024","10/24/2024","10/25/2024","CSCO","Cisco Systems
CUSIP: 17275R102
Dividend Reinvestment","Buy","0.007836","$56.14","($0.44)"
"10/23/2024","10/23/2024","10/23/2024","CSCO","Cash Div: R/D 2024-10-02 P/D 2024-10-23 - 1.112495 shares at 0.4","CDIV","","","$0.44"
"10/9/2024","10/9/2024","10/10/2024","AMZN","Amazon
CUSIP: 023135106
Recurring","Buy","0.540476","$185.02","($100.00)"
"10/9/2024","10/9/2024","10/10/2024","WMT","Walmart
CUSIP: 931142103
Recurring","Buy","1.246649","$80.22","($100.00)"
"10/9/2024","10/9/2024","10/10/2024","V","Visa
CUSIP: 92826C839
Recurring","Buy","0.36057","$277.34","($100.00)"
"10/9/2024","10/9/2024","10/10/2024","GOOGL","Alphabet Class A
CUSIP: 02079K305
Recurring","Buy","0.621294","$160.95","($100.00)"
"10/9/2024","10/9/2024","10/10/2024","MSFT","Microsoft
CUSIP: 594918104
Recurring","Buy","0.239111","$418.22","($100.00)"
"10/9/2024","10/9/2024","10/10/2024","AAPL","Apple
CUSIP: 037833100
Recurring","Buy","0.8745","$228.70","($200.00)"
"10/9/2024","10/9/2024","10/10/2024","JPM","JPMorgan Chase
CUSIP: 46625H100
Recurring","Buy","0.467235","$214.02","($100.00)"
"10/9/2024","10/9/2024","10/10/2024","NVDA","NVIDIA
CUSIP: 67066G104
Recurring","Buy","0.757948","$131.94","($100.00)"
"10/9/2024","10/9/2024","10/10/2024","","ACH Deposit","ACH","","","$900.00"
"10/9/2024","10/9/2024","10/10/2024","CRM","Salesforce
CUSIP: 79466L302
Dividend Reinvestment","Buy","0.001383","$289.12","($0.40)"
"10/8/2024","10/8/2024","10/8/2024","CRM","Cash Div: R/D 2024-09-18 P/D 2024-10-08 - 1.002865 shares at 0.4","CDIV","","","$0.40"
"10/7/2024","10/7/2024","10/8/2024","DKS","Dicks Sporting Goods
CUSIP: 253393102
Dividend Reinvestment","Buy","0.005639","$205.68","($1.16)"
"10/4/2024","10/4/2024","10/4/2024","DKS","Cash Div: R/D 2024-09-20 P/D 2024-10-04 - 1.057356 shares at 1.1","CDIV","","","$1.16"
"10/4/2024","10/4/2024","10/7/2024","NVDA","NVIDIA
CUSIP: 67066G104
Dividend Reinvestment","Buy","0.011791","$122.96","($1.45)"
"10/3/2024","10/3/2024","10/3/2024","NVDA","Cash Div: R/D 2024-09-12 P/D 2024-10-03 - 145.293908 shares at 0.01","CDIV","","","$1.45"
"10/2/2024","10/2/2024","10/3/2024","VOO","Vanguard S&P 500 ETF
CUSIP: 922908363
Dividend Reinvestment","Buy","0.000191","$522.49","($0.10)"
"10/2/2024","10/2/2024","10/2/2024","BLK","Blackrock, Inc.
CUSIP: 09290D101","SXCH","4.6463","",""
"10/2/2024","10/2/2024","10/2/2024","BLK","BlackRock
CUSIP: 09247X101","SXCH","4.6463S","",""
"10/1/2024","10/1/2024","10/1/2024","VOO","Cash Div: R/D 2024-09-27 P/D 2024-10-01 - 0.06098 shares at 1.6386","CDIV","","","$0.10"
"10/1/2024","10/1/2024","10/2/2024","AVGO","Broadcom
CUSIP: 11135F101
Dividend Reinvestment","Buy","0.038142","$167.00","($6.37)"
"9/30/2024","9/30/2024","9/30/2024","AVGO","Cash Div: R/D 2024-09-19 P/D 2024-09-30 - 12.02126 shares at 0.53","CDIV","","","$6.37"
"9/30/2024","9/30/2024","10/1/2024","GS","Goldman Sachs
CUSIP: 38141G104
Dividend Reinvestment","Buy","0.000989","$494.95","($0.49)"
"9/30/2024","9/30/2024","10/1/2024","LMT","Lockheed
CUSIP: 539830109
Dividend Reinvestment","Buy","0.001289","$581.56","($0.75)"
"9/27/2024","9/27/2024","9/27/2024","LMT","Cash Div: R/D 2024-09-03 P/D 2024-09-27 - 0.237436 shares at 3.15","CDIV","","","$0.75"
"9/27/2024","9/27/2024","9/27/2024","GS","Cash Div: R/D 2024-08-30 P/D 2024-09-27 - 0.164865 shares at 3","CDIV","","","$0.49"
"9/27/2024","9/27/2024","9/30/2024","META","Meta Platforms
CUSIP: 30303M102
Dividend Reinvestment","Buy","0.000159","$565.80","($0.09)"
"9/27/2024","9/27/2024","9/30/2024","QCOM","Qualcomm
CUSIP: 747525103
Dividend Reinvestment","Buy","0.000639","$171.95","($0.11)"
"9/26/2024","9/26/2024","9/26/2024","META","Cash Div: R/D 2024-09-16 P/D 2024-09-26 - 0.182193 shares at 0.5","CDIV","","","$0.09"
"9/26/2024","9/26/2024","9/26/2024","QCOM","Cash Div: R/D 2024-09-05 P/D 2024-09-26 - 0.131968 shares at 0.85","CDIV","","","$0.11"
"9/24/2024","9/24/2024","9/25/2024","BLK","BlackRock
CUSIP: 09247X101
Dividend Reinvestment","Buy","0.0246","$934.55","($22.99)"
"9/23/2024","9/23/2024","9/23/2024","BLK","Cash Div: R/D 2024-09-09 P/D 2024-09-23 - 4.508074 shares at 5.1","CDIV","","","$22.99"
"9/19/2024","9/19/2024","9/20/2024","NOC","Northrop Grumman
CUSIP: 666807102
Dividend Reinvestment","Buy","0.000096","$519.94","($0.05)"
"9/19/2024","9/19/2024","9/20/2024","EA","EA
CUSIP: 285512109
Dividend Reinvestment","Buy","0.001336","$142.21","($0.19)"
"9/18/2024","9/18/2024","9/18/2024","NOC","Cash Div: R/D 2024-09-03 P/D 2024-09-18 - 0.024814 shares at 2.06","CDIV","","","$0.05"
"9/18/2024","9/18/2024","9/18/2024","EA","Cash Div: R/D 2024-08-28 P/D 2024-09-18 - 1.012108 shares at 0.19","CDIV","","","$0.19"
"9/17/2024","9/17/2024","9/18/2024","GOOGL","Alphabet Class A
CUSIP: 02079K305
Dividend Reinvestment","Buy","0.053515","$159.58","($8.54)"
"9/16/2024","9/16/2024","9/16/2024","GOOGL","Cash Div: R/D 2024-09-09 P/D 2024-09-16 - 42.711307 shares at 0.2","CDIV","","","$8.54"
"9/13/2024","9/13/2024","9/16/2024","MSFT","Microsoft
CUSIP: 594918104
Dividend Reinvestment","Buy","0.038045","$427.12","($16.25)"
"9/13/2024","9/13/2024","9/16/2024","AMAT","Applied Materials
CUSIP: 038222105
Dividend Reinvestment","Buy","0.003533","$186.80","($0.66)"
"9/12/2024","9/12/2024","9/12/2024","MSFT","Cash Div: R/D 2024-08-15 P/D 2024-09-12 - 21.665703 shares at 0.75","CDIV","","","$16.25"
"9/12/2024","9/12/2024","9/12/2024","AMAT","Cash Div: R/D 2024-08-22 P/D 2024-09-12 - 1.657744 shares at 0.4","CDIV","","","$0.66"
"9/11/2024","9/11/2024","9/12/2024","JNJ","Johnson & Johnson
CUSIP: 478160104
Dividend Reinvestment","Buy","0.003043","$164.26","($0.50)"
"9/10/2024","9/10/2024","9/10/2024","JNJ","Cash Div: R/D 2024-08-27 P/D 2024-09-10 - 0.403246 shares at 1.24","CDIV","","","$0.50"
"9/9/2024","9/9/2024","9/10/2024","WMT","Walmart
CUSIP: 931142103
Recurring","Buy","1.293159","$77.33","($100.00)"
"9/9/2024","9/9/2024","9/10/2024","V","Visa
CUSIP: 92826C839
Recurring","Buy","0.348602","$286.86","($100.00)"
"9/9/2024","9/9/2024","9/10/2024","AMZN","Amazon
CUSIP: 023135106
Recurring","Buy","0.570776","$175.20","($100.00)"
"9/9/2024","9/9/2024","9/10/2024","JPM","JPMorgan Chase
CUSIP: 46625H100
Recurring","Buy","0.458989","$217.87","($100.00)"
"9/9/2024","9/9/2024","9/10/2024","AAPL","Apple
CUSIP: 037833100
Recurring","Buy","0.907152","$220.47","($200.00)"
"9/9/2024","9/9/2024","9/10/2024","BLK","BlackRock
CUSIP: 09247X101
Recurring","Buy","0.113632","$880.03","($100.00)"
"9/9/2024","9/9/2024","9/10/2024","GOOGL","Alphabet Class A
CUSIP: 02079K305
Recurring","Buy","0.669299","$149.41","($100.00)"
"9/9/2024","9/9/2024","9/10/2024","MSFT","Microsoft
CUSIP: 594918104
Recurring","Buy","0.24709","$404.71","($100.00)"
"9/9/2024","9/9/2024","9/10/2024","NVDA","NVIDIA
CUSIP: 67066G104
Recurring","Buy","0.947149","$105.58","($100.00)"
"9/9/2024","9/9/2024","9/10/2024","","ACH Deposit","ACH","","","$1,000.00"
"9/9/2024","9/9/2024","9/10/2024","IBN","ICICI Bank
CUSIP: 45104G104
Dividend Reinvestment","Buy","0.035249","$29.22","($1.03)"
"9/6/2024","9/6/2024","9/6/2024","IBN","Foreign Tax Witholding at $0.13","DTAX","","","($0.13)"
"9/6/2024","9/6/2024","9/6/2024","IBN","Cash Div: R/D 2024-08-12 P/D 2024-09-06 - 5.073071 shares at 0.237797","CDIV","","","$1.21"
"9/6/2024","9/6/2024","9/6/2024","IBN","Sponsored ADR: Agency Processing Fee at $0.05","DFEE","","","($0.05)"
"9/6/2024","9/6/2024","9/9/2024","RTX","RTX Corporation
CUSIP: 75513E101
Dividend Reinvestment","Buy","0.005539","$119.15","($0.66)"
"9/5/2024","9/5/2024","9/5/2024","RTX","Cash Div: R/D 2024-08-16 P/D 2024-09-05 - 1.051575 shares at 0.63","CDIV","","","$0.66"
"9/4/2024","9/4/2024","9/5/2024","V","Visa
CUSIP: 92826C839
Dividend Reinvestment","Buy","0.010802","$281.42","($3.04)"
"9/4/2024","9/4/2024","9/5/2024","INTC","Intel
CUSIP: 458140100
Dividend Reinvestment","Buy","0.06009","$19.97","($1.20)"
"9/4/2024","9/4/2024","9/5/2024","WMT","Walmart
CUSIP: 931142103
Dividend Reinvestment","Buy","0.159637","$77.30","($12.34)"
"9/3/2024","9/3/2024","9/3/2024","WMT","Cash Div: R/D 2024-08-16 P/D 2024-09-03 - 59.46766 shares at 0.2075","CDIV","","","$12.34"
"9/3/2024","9/3/2024","9/3/2024","INTC","Cash Div: R/D 2024-08-07 P/D 2024-09-03 - 9.564848 shares at 0.125","CDIV","","","$1.20"
"9/3/2024","9/3/2024","9/3/2024","V","Cash Div: R/D 2024-08-09 P/D 2024-09-03 - 5.855634 shares at 0.52","CDIV","","","$3.04"
"8/21/2024","8/21/2024","8/22/2024","DAL","Delta Air Lines
CUSIP: 247361702
Dividend Reinvestment","Buy","0.000745","$40.23","($0.03)"
"8/20/2024","8/20/2024","8/20/2024","DAL","Cash Div: R/D 2024-07-30 P/D 2024-08-20 - 0.215057 shares at 0.15","CDIV","","","$0.03"
"8/16/2024","8/16/2024","8/19/2024","AAPL","Apple
CUSIP: 037833100
Dividend Reinvestment","Buy","0.044923","$224.38","($10.08)"
"8/15/2024","8/15/2024","8/15/2024","AAPL","Cash Div: R/D 2024-08-12 P/D 2024-08-15 - 40.325461 shares at 0.25","CDIV","","","$10.08"
"8/14/2024","8/14/2024","8/15/2024","TXN","Texas Instruments
CUSIP: 882508104
Dividend Reinvestment","Buy","0.002263","$194.42","($0.44)"
"8/13/2024","8/13/2024","8/13/2024","TXN","Cash Div: R/D 2024-07-31 P/D 2024-08-13 - 0.339145 shares at 1.3","CDIV","","","$0.44"
"8/12/2024","8/12/2024","8/13/2024","MA","Mastercard
CUSIP: 57636Q104
Dividend Reinvestment","Buy","0.002634","$455.43","($1.20)"
"8/9/2024","8/9/2024","8/9/2024","MA","Cash Div: R/D 2024-07-09 P/D 2024-08-09 - 1.815864 shares at 0.66","CDIV","","","$1.20"
"8/9/2024","8/9/2024","8/12/2024","WMT","Walmart
CUSIP: 931142103
Recurring","Buy","1.471453","$67.96","($100.00)"
"8/9/2024","8/9/2024","8/12/2024","V","Visa
CUSIP: 92826C839
Recurring","Buy","0.382951","$261.13","($100.00)"
"8/9/2024","8/9/2024","8/12/2024","AMZN","Amazon
CUSIP: 023135106
Recurring","Buy","0.596125","$167.75","($100.00)"
"8/9/2024","8/9/2024","8/12/2024","AAPL","Apple
CUSIP: 037833100
Recurring","Buy","0.923147","$216.65","($200.00)"
"8/9/2024","8/9/2024","8/12/2024","BLK","BlackRock
CUSIP: 09247X101
Recurring","Buy","0.116016","$861.95","($100.00)"
"8/9/2024","8/9/2024","8/12/2024","GOOGL","Alphabet Class A
CUSIP: 02079K305
Recurring","Buy","0.62077","$161.09","($100.00)"
"8/9/2024","8/9/2024","8/12/2024","MSFT","Microsoft
CUSIP: 594918104
Recurring","Buy","0.245284","$407.69","($100.00)"
"8/9/2024","8/9/2024","8/12/2024","NVDA","NVIDIA
CUSIP: 67066G104
Recurring","Buy","0.947418","$105.55","($100.00)"
"8/9/2024","8/9/2024","8/12/2024","JPM","JPMorgan Chase
CUSIP: 46625H100
Recurring","Buy","0.484801","$206.27","($100.00)"
"8/9/2024","8/9/2024","8/12/2024","","ACH Deposit","ACH","","","$1,000.00"
"8/1/2024","8/1/2024","8/2/2024","JPM","JPMorgan Chase
CUSIP: 46625H100
Dividend Reinvestment","Buy","0.03864","$210.14","($8.12)"
"7/31/2024","7/31/2024","7/31/2024","JPM","Cash Div: R/D 2024-07-05 P/D 2024-07-31 - 7.058252 shares at 1.15","CDIV","","","$8.12"
"7/26/2024","7/26/2024","7/29/2024","DIS","Disney
CUSIP: 254687106
Dividend Reinvestment","Buy","0.005027","$89.50","($0.45)"
"7/26/2024","7/26/2024","7/29/2024","CRM","Salesforce
CUSIP: 79466L302
Dividend Reinvestment","Buy","0.00152","$263.13","($0.40)"
"7/26/2024","7/26/2024","7/29/2024","ORCL","Oracle
CUSIP: 68389X105
Dividend Reinvestment","Buy","0.00043","$139.38","($0.06)"
"7/25/2024","7/25/2024","7/25/2024","ORCL","Cash Div: R/D 2024-07-11 P/D 2024-07-25 - 0.150963 shares at 0.4","CDIV","","","$0.06"
"7/25/2024","7/25/2024","7/25/2024","CRM","Cash Div: R/D 2024-07-09 P/D 2024-07-25 - 1.001345 shares at 0.4","CDIV","","","$0.40"
"7/25/2024","7/25/2024","7/25/2024","DIS","Cash Div: R/D 2024-07-08 P/D 2024-07-25 - 1.003366 shares at 0.45","CDIV","","","$0.45"
"7/25/2024","7/25/2024","7/26/2024","CSCO","Cisco Systems
CUSIP: 17275R102
Dividend Reinvestment","Buy","0.009193","$47.86","($0.44)"
"7/24/2024","7/24/2024","7/24/2024","CSCO","Cash Div: R/D 2024-07-05 P/D 2024-07-24 - 1.103302 shares at 0.4","CDIV","","","$0.44"
"7/17/2024","7/17/2024","7/18/2024","VOO","Vanguard S&P 500 ETF
CUSIP: 922908363","Buy","0.06098","$513.10","($31.29)"
"7/15/2024","7/15/2024","7/15/2024","AVGO","Broadcom
CUSIP: 11135F101","SPL","10.8191","",""
"7/9/2024","7/9/2024","7/10/2024","BLK","BlackRock
CUSIP: 09247X101
Recurring","Buy","0.124776","$801.43","($100.00)"
"7/9/2024","7/9/2024","7/10/2024","AMZN","Amazon
CUSIP: 023135106
Recurring","Buy","0.501027","$199.59","($100.00)"
"7/9/2024","7/9/2024","7/10/2024","NVDA","NVIDIA
CUSIP: 67066G104
Recurring","Buy","0.768403","$130.14","($100.00)"
"7/9/2024","7/9/2024","7/10/2024","V","Visa
CUSIP: 92826C839
Recurring","Buy","0.376874","$265.34","($100.00)"
"7/9/2024","7/9/2024","7/10/2024","GOOGL","Alphabet Class A
CUSIP: 02079K305
Recurring","Buy","0.528988","$189.04","($100.00)"
"7/9/2024","7/9/2024","7/10/2024","MSFT","Microsoft
CUSIP: 594918104
Recurring","Buy","0.21749","$459.79","($100.00)"
"7/9/2024","7/9/2024","7/10/2024","AAPL","Apple
CUSIP: 037833100
Recurring","Buy","0.876577","$228.16","($200.00)"
"7/9/2024","7/9/2024","7/10/2024","JPM","JPMorgan Chase
CUSIP: 46625H100
Recurring","Buy","0.478125","$209.15","($100.00)"
"7/9/2024","7/9/2024","7/10/2024","WMT","Walmart
CUSIP: 931142103
Recurring","Buy","1.426533","$70.10","($100.00)"
"7/9/2024","7/9/2024","7/10/2024","","ACH Deposit","ACH","","","$1,000.00"
"7/3/2024","7/3/2024","7/5/2024","SHOP","Shopify
CUSIP: 82509L107","Sell","0.46193","$67.02","$30.96"
"7/1/2024","7/1/2024","7/2/2024","LMT","Lockheed
CUSIP: 539830109
Dividend Reinvestment","Buy","0.001582","$467.57","($0.74)"
"7/1/2024","7/1/2024","7/2/2024","DKS","Dicks Sporting Goods
CUSIP: 253393102
Dividend Reinvestment","Buy","0.005576","$208.02","($1.16)"
"7/1/2024","7/1/2024","7/2/2024","NVDA","NVIDIA
CUSIP: 67066G104
Dividend Reinvestment","Buy","0.011729","$121.92","($1.43)"
"7/1/2024","7/1/2024","7/2/2024","AVGO","Broadcom
CUSIP: 11135F101
Dividend Reinvestment","Buy","0.003905","$1,610.66","($6.29)"
"6/28/2024","6/28/2024","6/28/2024","NVDA","Cash Div: R/D 2024-06-11 P/D 2024-06-28 - 142.619209 shares at 0.01","CDIV","","","$1.43"
"6/28/2024","6/28/2024","6/28/2024","LMT","Cash Div: R/D 2024-06-03 P/D 2024-06-28 - 0.235854 shares at 3.15","CDIV","","","$0.74"
"6/28/2024","6/28/2024","6/28/2024","DKS","Cash Div: R/D 2024-06-14 P/D 2024-06-28 - 1.05178 shares at 1.1","CDIV","","","$1.16"
"6/28/2024","6/28/2024","6/28/2024","AVGO","Cash Div: R/D 2024-06-24 P/D 2024-06-28 - 1.198221 shares at 5.25","CDIV","","","$6.29"
"6/28/2024","6/28/2024","7/1/2024","GS","Goldman Sachs
CUSIP: 38141G104
Dividend Reinvestment","Buy","0.00099","$454.11","($0.45)"
"6/27/2024","6/27/2024","6/27/2024","GS","Cash Div: R/D 2024-05-30 P/D 2024-06-27 - 0.163875 shares at 2.75","CDIV","","","$0.45"
"6/27/2024","6/27/2024","6/28/2024","META","Meta Platforms
CUSIP: 30303M102
Dividend Reinvestment","Buy","0.000173","$520.01","($0.09)"
"6/26/2024","6/26/2024","6/26/2024","META","Cash Div: R/D 2024-06-14 P/D 2024-06-26 - 0.18202 shares at 0.5","CDIV","","","$0.09"
"6/25/2024","6/25/2024","6/26/2024","BLK","BlackRock
CUSIP: 09247X101
Dividend Reinvestment","Buy","0.026419","$793.34","($20.96)"
"6/24/2024","6/24/2024","6/24/2024","BLK","Cash Div: R/D 2024-06-07 P/D 2024-06-24 - 4.10967 shares at 5.1","CDIV","","","$20.96"
"6/21/2024","6/21/2024","6/24/2024","QCOM","Qualcomm
CUSIP: 747525103
Dividend Reinvestment","Buy","0.000519","$211.68","($0.11)"
"6/21/2024","6/21/2024","6/24/2024","EA","EA
CUSIP: 285512109
Dividend Reinvestment","Buy","0.001376","$138.07","($0.19)"
"6/20/2024","6/20/2024","6/20/2024","QCOM","Cash Div: R/D 2024-05-30 P/D 2024-06-20 - 0.131449 shares at 0.85","CDIV","","","$0.11"
"6/20/2024","6/20/2024","6/20/2024","EA","Cash Div: R/D 2024-05-29 P/D 2024-06-20 - 1.010732 shares at 0.19","CDIV","","","$0.19"
"6/18/2024","6/18/2024","6/20/2024","GOOGL","Alphabet Class A
CUSIP: 02079K305
Dividend Reinvestment","Buy","0.046349","$176.70","($8.19)"
"6/17/2024","6/17/2024","6/17/2024","GOOGL","Cash Div: R/D 2024-06-10 P/D 2024-06-17 - 40.938798 shares at 0.2","CDIV","","","$8.19"
"6/14/2024","6/14/2024","6/17/2024","MSFT","Microsoft
CUSIP: 594918104
Dividend Reinvestment","Buy","0.035582","$441.23","($15.70)"
"6/14/2024","6/14/2024","6/17/2024","AMAT","Applied Materials
CUSIP: 038222105
Dividend Reinvestment","Buy","0.002812","$234.70","($0.66)"
"6/14/2024","6/14/2024","6/17/2024","RTX","RTX Corporation
CUSIP: 75513E101
Dividend Reinvestment","Buy","0.00637","$103.60","($0.66)"
"6/13/2024","6/13/2024","6/13/2024","MSFT","Cash Div: R/D 2024-05-16 P/D 2024-06-13 - 20.932391 shares at 0.75","CDIV","","","$15.70"
"6/13/2024","6/13/2024","6/13/2024","AMAT","Cash Div: R/D 2024-05-23 P/D 2024-06-13 - 1.654932 shares at 0.4","CDIV","","","$0.66"
"6/13/2024","6/13/2024","6/13/2024","RTX","Cash Div: R/D 2024-05-17 P/D 2024-06-13 - 1.045205 shares at 0.63","CDIV","","","$0.66"
"6/13/2024","6/13/2024","6/14/2024","NOC","Northrop Grumman
CUSIP: 666807102
Dividend Reinvestment","Buy","0.000117","$424.72","($0.05)"
"6/12/2024","6/12/2024","6/12/2024","NOC","Cash Div: R/D 2024-05-28 P/D 2024-06-12 - 0.024697 shares at 2.06","CDIV","","","$0.05"
"6/10/2024","6/10/2024","6/11/2024","JPM","JPMorgan Chase
CUSIP: 46625H100
Recurring","Buy","0.501529","$199.39","($100.00)"
"6/10/2024","6/10/2024","6/11/2024","WMT","Walmart
CUSIP: 931142103
Recurring","Buy","1.496557","$66.82","($100.00)"
"6/10/2024","6/10/2024","6/11/2024","V","Visa
CUSIP: 92826C839
Recurring","Buy","0.364219","$274.56","($100.00)"
"6/10/2024","6/10/2024","6/11/2024","AMZN","Amazon
CUSIP: 023135106
Recurring","Buy","0.53723","$186.14","($100.00)"
"6/10/2024","6/10/2024","6/11/2024","BLK","BlackRock
CUSIP: 09247X101
Recurring","Buy","0.131193","$762.23","($100.00)"
"6/10/2024","6/10/2024","6/11/2024","MSFT","Microsoft
CUSIP: 594918104
Recurring","Buy","0.234956","$425.61","($100.00)"
"6/10/2024","6/10/2024","6/11/2024","NVDA","NVIDIA
CUSIP: 67066G104
Recurring","Buy","0.816859","$122.42","($100.00)"
"6/10/2024","6/10/2024","6/11/2024","GOOGL","Alphabet Class A
CUSIP: 02079K305
Recurring","Buy","0.576402","$173.49","($100.00)"
"6/10/2024","6/10/2024","6/11/2024","AAPL","Apple
CUSIP: 037833100
Recurring","Buy","1.022756","$195.55","($200.00)"
"6/10/2024","6/10/2024","6/11/2024","","ACH Deposit","ACH","","","$1,000.00"
"6/10/2024","6/10/2024","6/10/2024","NVDA","NVIDIA
CUSIP: 67066G104","SPL","127.6221","",""
"6/6/2024","6/6/2024","6/6/2024","BRK.B","Berkshire Hathaway Inc. Class B
CUSIP: 084670702","REC","0.0122","",""
"6/5/2024","6/5/2024","6/6/2024","DAL","Delta Air Lines
CUSIP: 247361702
Dividend Reinvestment","Buy","0.000401","$49.87","($0.02)"
"6/5/2024","6/5/2024","6/6/2024","JNJ","Johnson & Johnson
CUSIP: 478160104
Dividend Reinvestment","Buy","0.003423","$146.05","($0.50)"
"6/4/2024","6/4/2024","6/4/2024","JNJ","Cash Div: R/D 2024-05-21 P/D 2024-06-04 - 0.399823 shares at 1.24","CDIV","","","$0.50"
"6/4/2024","6/4/2024","6/4/2024","DAL","Cash Div: R/D 2024-05-14 P/D 2024-06-04 - 0.214656 shares at 0.1","CDIV","","","$0.02"
"6/4/2024","6/4/2024","6/5/2024","V","Visa
CUSIP: 92826C839
Dividend Reinvestment","Buy","0.009758","$271.57","($2.65)"
"6/4/2024","6/4/2024","6/5/2024","INTC","Intel
CUSIP: 458140100
Dividend Reinvestment","Buy","0.039417","$30.19","($1.19)"
"6/3/2024","6/3/2024","6/3/2024","V","Cash Div: R/D 2024-05-17 P/D 2024-06-03 - 5.104783 shares at 0.52","CDIV","","","$2.65"
"6/3/2024","6/3/2024","6/3/2024","INTC","Cash Div: R/D 2024-05-07 P/D 2024-06-03 - 9.525431 shares at 0.125","CDIV","","","$1.19"
"5/29/2024","5/29/2024","5/30/2024","WMT","Walmart
CUSIP: 931142103
Dividend Reinvestment","Buy","0.16966","$65.13","($11.05)"
"5/28/2024","5/28/2024","5/28/2024","WMT","Cash Div: R/D 2024-05-10 P/D 2024-05-28 - 53.249198 shares at 0.2075","CDIV","","","$11.05"
"5/22/2024","5/22/2024","5/24/2024","TXN","Texas Instruments
CUSIP: 882508104
Dividend Reinvestment","Buy","0.002174","$202.33","($0.44)"
"5/21/2024","5/21/2024","5/21/2024","TXN","Cash Div: R/D 2024-05-08 P/D 2024-05-21 - 0.336971 shares at 1.3","CDIV","","","$0.44"
"5/17/2024","5/17/2024","5/21/2024","AAPL","Apple
CUSIP: 037833100
Dividend Reinvestment","Buy","0.049193","$190.27","($9.36)"
"5/16/2024","5/16/2024","5/16/2024","AAPL","Cash Div: R/D 2024-05-13 P/D 2024-05-16 - 37.453788 shares at 0.25","CDIV","","","$9.36"
"5/10/2024","5/10/2024","5/14/2024","MA","Mastercard
CUSIP: 57636Q104
Dividend Reinvestment","Buy","0.002625","$457.05","($1.20)"
"5/9/2024","5/9/2024","5/9/2024","MA","Cash Div: R/D 2024-04-09 P/D 2024-05-09 - 1.813239 shares at 0.66","CDIV","","","$1.20"
"5/9/2024","5/9/2024","5/13/2024","JPM","JPMorgan Chase
CUSIP: 46625H100
Recurring","Buy","0.508828","$196.53","($100.00)"
"5/9/2024","5/9/2024","5/13/2024","WMT","Walmart
CUSIP: 931142103
Recurring","Buy","1.654259","$60.45","($100.00)"
"5/9/2024","5/9/2024","5/13/2024","V","Visa
CUSIP: 92826C839
Recurring","Buy","0.361023","$276.99","($100.00)"
"5/9/2024","5/9/2024","5/13/2024","AMZN","Amazon
CUSIP: 023135106
Recurring","Buy","0.524493","$190.66","($100.00)"
"5/9/2024","5/9/2024","5/13/2024","AAPL","Apple
CUSIP: 037833100
Recurring","Buy","1.084539","$184.41","($200.00)"
"5/9/2024","5/9/2024","5/13/2024","BLK","BlackRock
CUSIP: 09247X101
Recurring","Buy","0.126806","$788.60","($100.00)"
"5/9/2024","5/9/2024","5/13/2024","GOOGL","Alphabet Class A
CUSIP: 02079K305
Recurring","Buy","0.590772","$169.27","($100.00)"
"5/9/2024","5/9/2024","5/13/2024","MSFT","Microsoft
CUSIP: 594918104
Recurring","Buy","0.242742","$411.96","($100.00)"
"5/9/2024","5/9/2024","5/13/2024","NVDA","NVIDIA
CUSIP: 67066G104
Recurring","Buy","0.112261","$890.78","($100.00)"
"5/9/2024","5/9/2024","5/10/2024","","ACH Deposit","ACH","","","$1,000.00"
"5/1/2024","5/1/2024","5/3/2024","JPM","JPMorgan Chase
CUSIP: 46625H100
Dividend Reinvestment","Buy","0.033027","$191.66","($6.33)"
"4/30/2024","4/30/2024","4/30/2024","JPM","Cash Div: R/D 2024-04-05 P/D 2024-04-30 - 5.505911 shares at 1.15","CDIV","","","$6.33"
"4/25/2024","4/25/2024","4/29/2024","ORCL","Oracle
CUSIP: 68389X105
Dividend Reinvestment","Buy","0.000525","$114.12","($0.06)"
"4/25/2024","4/25/2024","4/29/2024","CSCO","Cisco Systems
CUSIP: 17275R102
Dividend Reinvestment","Buy","0.009145","$48.11","($0.44)"
"4/24/2024","4/24/2024","4/24/2024","ORCL","Cash Div: R/D 2024-04-10 P/D 2024-04-24 - 0.150438 shares at 0.4","CDIV","","","$0.06"
"4/24/2024","4/24/2024","4/24/2024","CSCO","Cash Div: R/D 2024-04-04 P/D 2024-04-24 - 1.094157 shares at 0.4","CDIV","","","$0.44"
"4/17/2024","4/17/2024","4/19/2024","WKHS","Workhorse
CUSIP: 98138J206","Sell","1.899335","$0.18","$0.33"
"4/15/2024","4/15/2024","4/17/2024","DKS","Dicks Sporting Goods
CUSIP: 253393102
Dividend Reinvestment","Buy","0.005692","$202.01","($1.15)"
"4/12/2024","4/12/2024","4/12/2024","DKS","Cash Div: R/D 2024-03-29 P/D 2024-04-12 - 1.046088 shares at 1.1","CDIV","","","$1.15"
"4/12/2024","4/12/2024","4/16/2024","CRM","Salesforce
CUSIP: 79466L302
Dividend Reinvestment","Buy","0.001345","$297.21","($0.40)"
"4/11/2024","4/11/2024","4/11/2024","CRM","Cash Div: R/D 2024-03-14 P/D 2024-04-11 - 1 shares at 0.4","CDIV","","","$0.40"
"4/9/2024","4/9/2024","4/11/2024","JPM","JPMorgan Chase
CUSIP: 46625H100
Recurring","Buy","0.508957","$196.48","($100.00)"
"4/9/2024","4/9/2024","4/11/2024","WMT","Walmart
CUSIP: 931142103
Recurring","Buy","1.67336","$59.76","($100.00)"
"4/9/2024","4/9/2024","4/11/2024","V","Visa
CUSIP: 92826C839
Recurring","Buy","0.36266","$275.74","($100.00)"
"4/9/2024","4/9/2024","4/11/2024","AAPL","Apple
CUSIP: 037833100
Recurring","Buy","1.181683","$169.25","($200.00)"
"4/9/2024","4/9/2024","4/11/2024","BLK","BlackRock
CUSIP: 09247X101
Recurring","Buy","0.125023","$799.85","($100.00)"
"4/9/2024","4/9/2024","4/11/2024","MSFT","Microsoft
CUSIP: 594918104
Recurring","Buy","0.235687","$424.29","($100.00)"
"4/9/2024","4/9/2024","4/11/2024","NVDA","NVIDIA
CUSIP: 67066G104
Recurring","Buy","0.11813","$846.52","($100.00)"
"4/9/2024","4/9/2024","4/11/2024","GOOGL","Alphabet Class A
CUSIP: 02079K305
Recurring","Buy","0.638691","$156.57","($100.00)"
"4/9/2024","4/9/2024","4/11/2024","AMZN","Amazon
CUSIP: 023135106
Recurring","Buy","0.540452","$185.03","($100.00)"
"4/9/2024","4/9/2024","4/10/2024","","ACH Deposit","ACH","","","$1,000.00"
"4/3/2024","4/3/2024","4/5/2024","LMT","Lockheed
CUSIP: 539830109
Dividend Reinvestment","Buy","0.001642","$450.50","($0.74)"
"4/3/2024","4/3/2024","4/5/2024","AVGO","Broadcom
CUSIP: 11135F101
Dividend Reinvestment","Buy","0.004593","$1,364.92","($6.27)"
"4/2/2024","4/2/2024","4/2/2024","AVGO","Cash Div: R/D 2024-03-21 P/D 2024-04-01 - 1.193628 shares at 5.25","CDIV","","","$6.27"
"4/2/2024","4/2/2024","4/2/2024","LMT","Cash Div: R/D 2024-03-01 P/D 2024-04-01 - 0.234212 shares at 3.15","CDIV","","","$0.74"
"4/2/2024","4/2/2024","4/4/2024","WMT","Walmart
CUSIP: 931142103
Dividend Reinvestment","Buy","0.17934","$59.44","($10.66)"
"4/1/2024","4/1/2024","4/1/2024","WMT","Cash Div: R/D 2024-03-15 P/D 2024-04-01 - 51.396498 shares at 0.2075","CDIV","","","$10.66"
"4/1/2024","4/1/2024","4/3/2024","GS","Goldman Sachs
CUSIP: 38141G104
Dividend Reinvestment","Buy","0.001088","$413.38","($0.45)"
"3/28/2024","3/28/2024","3/28/2024","GS","Cash Div: R/D 2024-02-29 P/D 2024-03-28 - 0.162787 shares at 2.75","CDIV","","","$0.45"
"3/28/2024","3/28/2024","4/2/2024","NVDA","NVIDIA
CUSIP: 67066G104
Dividend Reinvestment","Buy","0.000604","$910.36","($0.55)"
"3/27/2024","3/27/2024","3/27/2024","NVDA","Cash Div: R/D 2024-03-06 P/D 2024-03-27 - 13.833935 shares at 0.04","CDIV","","","$0.55"
"3/27/2024","3/27/2024","4/1/2024","META","Meta Platforms
CUSIP: 30303M102
Dividend Reinvestment","Buy","0.000182","$491.98","($0.09)"
"3/26/2024","3/26/2024","3/26/2024","META","Cash Div: R/D 2024-02-22 P/D 2024-03-26 - 0.181838 shares at 0.5","CDIV","","","$0.09"
"3/25/2024","3/25/2024","3/27/2024","BLK","BlackRock
CUSIP: 09247X101
Dividend Reinvestment","Buy","0.022968","$824.59","($18.94)"
"3/22/2024","3/22/2024","3/22/2024","BLK","Cash Div: R/D 2024-03-07 P/D 2024-03-22 - 3.714026 shares at 5.1","CDIV","","","$18.94"
"3/22/2024","3/22/2024","3/26/2024","QCOM","Qualcomm
CUSIP: 747525103
Dividend Reinvestment","Buy","0.000584","$171.01","($0.10)"
"3/22/2024","3/22/2024","3/26/2024","RTX","RTX Corporation
CUSIP: 75513E101
Dividend Reinvestment","Buy","0.006406","$95.21","($0.61)"
"3/21/2024","3/21/2024","3/21/2024","QCOM","Cash Div: R/D 2024-02-29 P/D 2024-03-21 - 0.130865 shares at 0.8","CDIV","","","$0.10"
"3/21/2024","3/21/2024","3/21/2024","RTX","Cash Div: R/D 2024-02-23 P/D 2024-03-21 - 1.038799 shares at 0.59","CDIV","","","$0.61"
"3/21/2024","3/21/2024","3/25/2024","EA","EA
CUSIP: 285512109
Dividend Reinvestment","Buy","0.001423","$133.44","($0.19)"
"3/20/2024","3/20/2024","3/20/2024","EA","Cash Div: R/D 2024-02-28 P/D 2024-03-20 - 1.009309 shares at 0.19","CDIV","","","$0.19"
"3/19/2024","3/19/2024","3/21/2024","DAL","Delta Air Lines
CUSIP: 247361702
Dividend Reinvestment","Buy","0.00046","$43.39","($0.02)"
"3/18/2024","3/18/2024","3/18/2024","DAL","Cash Div: R/D 2024-02-26 P/D 2024-03-18 - 0.214196 shares at 0.1","CDIV","","","$0.02"
"3/15/2024","3/15/2024","3/19/2024","MSFT","Microsoft
CUSIP: 594918104
Dividend Reinvestment","Buy","0.03629","$416.91","($15.13)"
"3/15/2024","3/15/2024","3/19/2024","AMAT","Applied Materials
CUSIP: 038222105
Dividend Reinvestment","Buy","0.002651","$199.85","($0.53)"
"3/14/2024","3/14/2024","3/14/2024","AMAT","Cash Div: R/D 2024-02-22 P/D 2024-03-14 - 1.652281 shares at 0.32","CDIV","","","$0.53"
"3/14/2024","3/14/2024","3/14/2024","MSFT","Cash Div: R/D 2024-02-15 P/D 2024-03-14 - 20.170661 shares at 0.75","CDIV","","","$15.13"
"3/14/2024","3/14/2024","3/18/2024","NOC","Northrop Grumman
CUSIP: 666807102
Dividend Reinvestment","Buy","0.000108","$459.57","($0.05)"
"3/13/2024","3/13/2024","3/13/2024","NOC","Cash Div: R/D 2024-02-26 P/D 2024-03-13 - 0.024589 shares at 1.87","CDIV","","","$0.05"
"3/11/2024","3/11/2024","3/13/2024","JPM","JPMorgan Chase
CUSIP: 46625H100
Recurring","Buy","0.533988","$187.27","($100.00)"
"3/11/2024","3/11/2024","3/13/2024","WMT","Walmart
CUSIP: 931142103
Recurring","Buy","1.653165","$60.49","($100.00)"
"3/11/2024","3/11/2024","3/13/2024","V","Visa
CUSIP: 92826C839
Recurring","Buy","0.356989","$280.12","($100.00)"
"3/11/2024","3/11/2024","3/13/2024","AMZN","Amazon
CUSIP: 023135106
Recurring","Buy","0.579911","$172.44","($100.00)"
"3/11/2024","3/11/2024","3/13/2024","AAPL","Apple
CUSIP: 037833100
Recurring","Buy","1.160496","$172.34","($200.00)"
"3/11/2024","3/11/2024","3/13/2024","BLK","BlackRock
CUSIP: 09247X101
Recurring","Buy","0.120847","$827.49","($100.00)"
"3/11/2024","3/11/2024","3/13/2024","GOOGL","Alphabet Class A
CUSIP: 02079K305
Recurring","Buy","0.72072","$138.75","($100.00)"
"3/11/2024","3/11/2024","3/13/2024","MSFT","Microsoft
CUSIP: 594918104
Recurring","Buy","0.247011","$404.84","($100.00)"
"3/11/2024","3/11/2024","3/13/2024","NVDA","NVIDIA
CUSIP: 67066G104
Recurring","Buy","0.115305","$867.26","($100.00)"
"3/11/2024","3/11/2024","3/12/2024","","ACH Deposit","ACH","","","$1,000.00"
"3/6/2024","3/6/2024","3/8/2024","JNJ","Johnson & Johnson
CUSIP: 478160104
Dividend Reinvestment","Buy","0.002936","$160.06","($0.47)"
"3/5/2024","3/5/2024","3/5/2024","JNJ","Cash Div: R/D 2024-02-20 P/D 2024-03-05 - 0.396887 shares at 1.19","CDIV","","","$0.47"
"3/4/2024","3/4/2024","3/6/2024","INTC","Intel
CUSIP: 458140100
Dividend Reinvestment","Buy","0.026795","$44.41","($1.19)"
"3/4/2024","3/4/2024","3/6/2024","V","Visa
CUSIP: 92826C839
Dividend Reinvestment","Buy","0.00676","$281.03","($1.90)"
"3/1/2024","3/1/2024","3/1/2024","V","Cash Div: R/D 2024-02-09 P/D 2024-03-01 - 3.655452 shares at 0.52","CDIV","","","$1.90"
"3/1/2024","3/1/2024","3/1/2024","INTC","Cash Div: R/D 2024-02-07 P/D 2024-03-01 - 9.498636 shares at 0.125","CDIV","","","$1.19"
"2/26/2024","2/26/2024","2/26/2024","WMT","Walmart
CUSIP: 931142103","SPL","33.1622","",""
"2/16/2024","2/16/2024","2/21/2024","AAPL","Apple
CUSIP: 037833100
Dividend Reinvestment","Buy","0.043237","$182.71","($7.90)"
"2/15/2024","2/15/2024","2/15/2024","AAPL","Cash Div: R/D 2024-02-12 P/D 2024-02-15 - 32.928369 shares at 0.24","CDIV","","","$7.90"
"2/14/2024","2/14/2024","2/16/2024","TXN","Texas Instruments
CUSIP: 882508104
Dividend Reinvestment","Buy","0.002704","$158.98","($0.43)"
"2/13/2024","2/13/2024","2/13/2024","TXN","Cash Div: R/D 2024-01-31 P/D 2024-02-13 - 0.334267 shares at 1.3","CDIV","","","$0.43"
"2/12/2024","2/12/2024","2/14/2024","MA","Mastercard
CUSIP: 57636Q104
Dividend Reinvestment","Buy","0.002624","$457.29","($1.20)"
"2/9/2024","2/9/2024","2/9/2024","MA","Cash Div: R/D 2024-01-09 P/D 2024-02-09 - 1.810615 shares at 0.66","CDIV","","","$1.20"
"2/9/2024","2/9/2024","2/13/2024","JPM","JPMorgan Chase
CUSIP: 46625H100
Recurring","Buy","0.57133","$175.03","($100.00)"
"2/9/2024","2/9/2024","2/13/2024","WMT","Walmart
CUSIP: 931142103
Recurring","Buy","0.591645","$169.02","($100.00)"
"2/9/2024","2/9/2024","2/13/2024","V","Visa
CUSIP: 92826C839
Recurring","Buy","0.361899","$276.32","($100.00)"
"2/9/2024","2/9/2024","2/13/2024","AMZN","Amazon
CUSIP: 023135106
Recurring","Buy","0.573558","$174.35","($100.00)"
"2/9/2024","2/9/2024","2/13/2024","AAPL","Apple
CUSIP: 037833100
Recurring","Buy","1.055464","$189.49","($200.00)"
"2/9/2024","2/9/2024","2/13/2024","BLK","BlackRock
CUSIP: 09247X101
Recurring","Buy","0.125325","$797.92","($100.00)"
"2/9/2024","2/9/2024","2/13/2024","GOOGL","Alphabet Class A
CUSIP: 02079K305
Recurring","Buy","0.670286","$149.19","($100.00)"
"2/9/2024","2/9/2024","2/13/2024","MSFT","Microsoft
CUSIP: 594918104
Recurring","Buy","0.238379","$419.50","($100.00)"
"2/9/2024","2/9/2024","2/13/2024","NVDA","NVIDIA
CUSIP: 67066G104
Recurring","Buy","0.13924","$718.18","($100.00)"
"2/9/2024","2/9/2024","2/12/2024","","ACH Deposit","ACH","","","$1,000.00"
"2/1/2024","2/1/2024","2/5/2024","JPM","JPMorgan Chase
CUSIP: 46625H100
Dividend Reinvestment","Buy","0.023027","$172.84","($3.98)"
"1/31/2024","1/31/2024","1/31/2024","JPM","Cash Div: R/D 2024-01-05 P/D 2024-01-31 - 3.789781 shares at 1.05","CDIV","","","$3.98"
"1/26/2024","1/26/2024","1/30/2024","ORCL","Oracle
CUSIP: 68389X105
Dividend Reinvestment","Buy","0.00052","$115.27","($0.06)"
"1/25/2024","1/25/2024","1/25/2024","ORCL","Cash Div: R/D 2024-01-11 P/D 2024-01-25 - 0.149918 shares at 0.4","CDIV","","","$0.06"
"1/25/2024","1/25/2024","1/29/2024","CSCO","Cisco Systems
CUSIP: 17275R102
Dividend Reinvestment","Buy","0.008032","$52.29","($0.42)"
"1/24/2024","1/24/2024","1/24/2024","CSCO","Cash Div: R/D 2024-01-04 P/D 2024-01-24 - 1.086125 shares at 0.39","CDIV","","","$0.42"
"1/11/2024","1/11/2024","1/16/2024","DIS","Disney
CUSIP: 254687106
Dividend Reinvestment","Buy","0.003366","$89.12","($0.30)"
"1/10/2024","1/10/2024","1/10/2024","DIS","Cash Div: R/D 2023-12-11 P/D 2024-01-10 - 1 shares at 0.3","CDIV","","","$0.30"
"1/9/2024","1/9/2024","1/11/2024","JPM","JPMorgan Chase
CUSIP: 46625H100
Recurring","Buy","0.587785","$170.13","($100.00)"
"1/9/2024","1/9/2024","1/11/2024","WMT","Walmart
CUSIP: 931142103
Recurring","Buy","0.630676","$158.56","($100.00)"
"1/9/2024","1/9/2024","1/11/2024","V","Visa
CUSIP: 92826C839
Recurring","Buy","0.38072","$262.66","($100.00)"
"1/9/2024","1/9/2024","1/11/2024","AMZN","Amazon
CUSIP: 023135106
Recurring","Buy","0.662778","$150.88","($100.00)"
"1/9/2024","1/9/2024","1/11/2024","AAPL","Apple
CUSIP: 037833100
Recurring","Buy","1.086602","$184.06","($200.00)"
"1/9/2024","1/9/2024","1/11/2024","BLK","BlackRock
CUSIP: 09247X101
Recurring","Buy","0.126305","$791.73","($100.00)"
"1/9/2024","1/9/2024","1/11/2024","GOOGL","Alphabet Class A
CUSIP: 02079K305
Recurring","Buy","0.708867","$141.07","($100.00)"
"1/9/2024","1/9/2024","1/11/2024","MSFT","Microsoft
CUSIP: 594918104
Recurring","Buy","0.266837","$374.76","($100.00)"
"1/9/2024","1/9/2024","1/11/2024","NVDA","NVIDIA
CUSIP: 67066G104
Recurring","Buy","0.186088","$537.38","($100.00)"
"1/9/2024","1/9/2024","1/10/2024","","ACH Deposit","ACH","","","$1,000.00"
"1/3/2024","1/3/2024","1/5/2024","WMT","Walmart
CUSIP: 931142103
Dividend Reinvestment","Buy","0.052331","$159.37","($8.34)"
"1/3/2024","1/3/2024","1/5/2024","DKS","Dicks Sporting Goods
CUSIP: 253393102
Dividend Reinvestment","Buy","0.007363","$141.23","($1.04)"
"1/2/2024","1/2/2024","1/2/2024","DKS","Cash Div: R/D 2023-12-15 P/D 2023-12-29 - 1.038725 shares at 1","CDIV","","","$1.04"
"1/2/2024","1/2/2024","1/2/2024","WMT","Cash Div: R/D 2023-12-08 P/D 2024-01-02 - 14.63868 shares at 0.57","CDIV","","","$8.34"
"1/2/2024","1/2/2024","1/4/2024","AVGO","Broadcom
CUSIP: 11135F101
Dividend Reinvestment","Buy","0.005696","$1,095.43","($6.24)"
"1/2/2024","1/2/2024","1/4/2024","LMT","Lockheed
CUSIP: 539830109
Dividend Reinvestment","Buy","0.001584","$460.74","($0.73)"
"12/29/2023","12/29/2023","12/29/2023","LMT","Cash Div: R/D 2023-12-01 P/D 2023-12-29 - 0.232628 shares at 3.15","CDIV","","","$0.73"
"12/29/2023","12/29/2023","12/29/2023","AVGO","Cash Div: R/D 2023-12-20 P/D 2023-12-29 - 1.187932 shares at 5.25","CDIV","","","$6.24"
"12/29/2023","12/29/2023","1/3/2024","NVDA","NVIDIA
CUSIP: 67066G104
Dividend Reinvestment","Buy","0.001064","$497.92","($0.53)"
"12/29/2023","12/29/2023","1/3/2024","GS","Goldman Sachs
CUSIP: 38141G104
Dividend Reinvestment","Buy","0.00114","$385.89","($0.44)"
"12/28/2023","12/28/2023","12/28/2023","NVDA","Cash Div: R/D 2023-12-06 P/D 2023-12-28 - 13.292822 shares at 0.04","CDIV","","","$0.53"
"12/28/2023","12/28/2023","12/28/2023","GS","Cash Div: R/D 2023-11-30 P/D 2023-12-28 - 0.161647 shares at 2.75","CDIV","","","$0.44"
"12/26/2023","12/26/2023","12/28/2023","BLK","BlackRock
CUSIP: 09247X101
Dividend Reinvestment","Buy","0.020501","$807.25","($16.55)"
"12/22/2023","12/22/2023","12/22/2023","BLK","Cash Div: R/D 2023-12-07 P/D 2023-12-22 - 3.309292 shares at 5","CDIV","","","$16.55"
"12/21/2023","12/21/2023","12/26/2023","EA","EA
CUSIP: 285512109
Dividend Reinvestment","Buy","0.001379","$137.71","($0.19)"
"12/20/2023","12/20/2023","12/20/2023","EA","Cash Div: R/D 2023-11-29 P/D 2023-12-20 - 1.00793 shares at 0.19","CDIV","","","$0.19"
"12/15/2023","12/15/2023","12/19/2023","MSFT","Microsoft
CUSIP: 594918104
Dividend Reinvestment","Buy","0.03915","$370.88","($14.52)"
"12/15/2023","12/15/2023","12/19/2023","QCOM","Qualcomm
CUSIP: 747525103
Dividend Reinvestment","Buy","0.000703","$142.15","($0.10)"
"12/15/2023","12/15/2023","12/19/2023","RTX","RTX Corporation
CUSIP: 75513E101
Dividend Reinvestment","Buy","0.007617","$80.08","($0.61)"
"12/15/2023","12/15/2023","12/19/2023","AMAT","Applied Materials
CUSIP: 038222105
Dividend Reinvestment","Buy","0.00326","$162.54","($0.53)"
"12/14/2023","12/14/2023","12/14/2023","MSFT","Cash Div: R/D 2023-11-16 P/D 2023-12-14 - 19.355806 shares at 0.75","CDIV","","","$14.52"
"12/14/2023","12/14/2023","12/14/2023","RTX","Cash Div: R/D 2023-11-17 P/D 2023-12-14 - 1.031182 shares at 0.59","CDIV","","","$0.61"
"12/14/2023","12/14/2023","12/14/2023","AMAT","Cash Div: R/D 2023-11-24 P/D 2023-12-14 - 1.649021 shares at 0.32","CDIV","","","$0.53"
"12/14/2023","12/14/2023","12/14/2023","QCOM","Cash Div: R/D 2023-11-30 P/D 2023-12-14 - 0.130162 shares at 0.8","CDIV","","","$0.10"
"12/11/2023","12/11/2023","12/13/2023","WMT","Walmart
CUSIP: 931142103
Recurring","Buy","0.667779","$149.75","($100.00)"
"12/11/2023","12/11/2023","12/13/2023","AMZN","Amazon
CUSIP: 023135106
Recurring","Buy","0.684556","$146.08","($100.00)"
"12/11/2023","12/11/2023","12/13/2023","JPM","JPMorgan Chase
CUSIP: 46625H100
Recurring","Buy","0.628891","$159.01","($100.00)"
"12/11/2023","12/11/2023","12/13/2023","AAPL","Apple
CUSIP: 037833100
Recurring","Buy","1.038313","$192.62","($200.00)"
"12/11/2023","12/11/2023","12/13/2023","BLK","BlackRock
CUSIP: 09247X101
Recurring","Buy","0.132603","$754.13","($100.00)"
"12/11/2023","12/11/2023","12/13/2023","GOOGL","Alphabet Class A
CUSIP: 02079K305
Recurring","Buy","0.753749","$132.67","($100.00)"
"12/11/2023","12/11/2023","12/13/2023","MSFT","Microsoft
CUSIP: 594918104
Recurring","Buy","0.270489","$369.70","($100.00)"
"12/11/2023","12/11/2023","12/13/2023","NVDA","NVIDIA
CUSIP: 67066G104
Recurring","Buy","0.214721","$465.72","($100.00)"
"12/11/2023","12/11/2023","12/13/2023","V","Visa
CUSIP: 92826C839
Recurring","Buy","0.388832","$257.18","($100.00)"
"12/11/2023","12/11/2023","12/12/2023","","ACH Deposit","ACH","","","$1,000.00"
"12/7/2023","12/7/2023","12/11/2023","NOC","Northrop Grumman
CUSIP: 666807102","Buy","0.024589","$477.85","($11.75)"
"12/6/2023","12/6/2023","12/8/2023","JNJ","Johnson & Johnson
CUSIP: 478160104
Dividend Reinvestment","Buy","0.002992","$157.05","($0.47)"
"12/5/2023","12/5/2023","12/5/2023","JNJ","Cash Div: R/D 2023-11-21 P/D 2023-12-05 - 0.393895 shares at 1.19","CDIV","","","$0.47"
"12/4/2023","12/4/2023","12/6/2023","V","Visa
CUSIP: 92826C839
Dividend Reinvestment","Buy","0.005875","$255.29","($1.50)"
"12/4/2023","12/4/2023","12/6/2023","INTC","Intel
CUSIP: 458140100
Dividend Reinvestment","Buy","0.028169","$41.89","($1.18)"
"12/1/2023","12/1/2023","12/1/2023","INTC","Cash Div: R/D 2023-11-07 P/D 2023-12-01 - 9.470467 shares at 0.125","CDIV","","","$1.18"
"12/1/2023","12/1/2023","12/1/2023","V","Cash Div: R/D 2023-11-09 P/D 2023-12-01 - 2.880025 shares at 0.52","CDIV","","","$1.50"
"11/27/2023","11/27/2023","11/27/2023","VMW","VMware
CUSIP: 928563402","MRGS","0.0824S","",""
"11/27/2023","11/27/2023","11/27/2023","VMW","Cash received thru Merger 0.0824 shares at $142.5","MRGC","","","$11.74"
"11/17/2023","11/17/2023","11/21/2023","AAPL","Apple
CUSIP: 037833100
Dividend Reinvestment","Buy","0.038973","$189.36","($7.38)"
"11/16/2023","11/16/2023","11/16/2023","AAPL","Cash Div: R/D 2023-11-13 P/D 2023-11-16 - 30.764481 shares at 0.24","CDIV","","","$7.38"
"11/15/2023","11/15/2023","11/17/2023","TXN","Texas Instruments
CUSIP: 882508104
Dividend Reinvestment","Buy","0.002819","$152.51","($0.43)"
"11/14/2023","11/14/2023","11/14/2023","TXN","Cash Div: R/D 2023-10-31 P/D 2023-11-14 - 0.331448 shares at 1.3","CDIV","","","$0.43"
"11/10/2023","11/10/2023","11/14/2023","MA","Mastercard
CUSIP: 57636Q104
Dividend Reinvestment","Buy","0.002655","$387.86","($1.03)"
"11/9/2023","11/9/2023","11/9/2023","MA","Cash Div: R/D 2023-10-09 P/D 2023-11-09 - 1.80796 shares at 0.57","CDIV","","","$1.03"
"11/9/2023","11/9/2023","11/13/2023","WMT","Walmart
CUSIP: 931142103
Recurring","Buy","0.610612","$163.77","($100.00)"
"11/9/2023","11/9/2023","11/13/2023","AMZN","Amazon
CUSIP: 023135106
Recurring","Buy","0.707163","$141.41","($100.00)"
"11/9/2023","11/9/2023","11/13/2023","JPM","JPMorgan Chase
CUSIP: 46625H100
Recurring","Buy","0.690607","$144.80","($100.00)"
"11/9/2023","11/9/2023","11/13/2023","AAPL","Apple
CUSIP: 037833100
Recurring","Buy","1.089799","$183.52","($200.00)"
"11/9/2023","11/9/2023","11/13/2023","GOOGL","Alphabet Class A
CUSIP: 02079K305
Recurring","Buy","0.762078","$131.22","($100.00)"
"11/9/2023","11/9/2023","11/13/2023","MSFT","Microsoft
CUSIP: 594918104
Recurring","Buy","0.275595","$362.85","($100.00)"
"11/9/2023","11/9/2023","11/13/2023","NVDA","NVIDIA
CUSIP: 67066G104
Recurring","Buy","0.208859","$478.79","($100.00)"
"11/9/2023","11/9/2023","11/13/2023","BLK","BlackRock
CUSIP: 09247X101
Recurring","Buy","0.152432","$656.03","($100.00)"
"11/9/2023","11/9/2023","11/13/2023","AVGO","Broadcom
CUSIP: 11135F101
Recurring","Buy","0.108305","$923.31","($100.00)"
"11/9/2023","11/9/2023","11/10/2023","","ACH Deposit","ACH","","","$1,000.00"
"11/3/2023","11/3/2023","11/7/2023","DAL","Delta Air Lines
CUSIP: 247361702
Dividend Reinvestment","Buy","0.000602","$33.18","($0.02)"
"11/2/2023","11/2/2023","11/2/2023","DAL","Cash Div: R/D 2023-10-12 P/D 2023-11-02 - 0.213594 shares at 0.1","CDIV","","","$0.02"
"11/1/2023","11/1/2023","11/3/2023","JPM","JPMorgan Chase
CUSIP: 46625H100
Dividend Reinvestment","Buy","0.013207","$140.07","($1.85)"
"10/31/2023","10/31/2023","10/31/2023","JPM","Cash Div: R/D 2023-10-06 P/D 2023-10-31 - 1.7647 shares at 1.05","CDIV","","","$1.85"
"10/27/2023","10/27/2023","10/31/2023","ORCL","Oracle
CUSIP: 68389X105
Dividend Reinvestment","Buy","0.000592","$101.19","($0.06)"
"10/26/2023","10/26/2023","10/26/2023","ORCL","Cash Div: R/D 2023-10-12 P/D 2023-10-26 - 0.149326 shares at 0.4","CDIV","","","$0.06"
"10/26/2023","10/26/2023","10/30/2023","CSCO","Cisco Systems
CUSIP: 17275R102
Dividend Reinvestment","Buy","0.008114","$51.76","($0.42)"
"10/25/2023","10/25/2023","10/25/2023","CSCO","Cash Div: R/D 2023-10-04 P/D 2023-10-25 - 1.078011 shares at 0.39","CDIV","","","$0.42"
"10/9/2023","10/9/2023","10/11/2023","BLK","BlackRock
CUSIP: 09247X101
Recurring","Buy","0.155443","$643.32","($100.00)"
"10/9/2023","10/9/2023","10/11/2023","AMZN","Amazon
CUSIP: 023135106
Recurring","Buy","0.783392","$127.65","($100.00)"
"10/9/2023","10/9/2023","10/11/2023","WMT","Walmart
CUSIP: 931142103
Recurring","Buy","0.648214","$154.27","($100.00)"
"10/9/2023","10/9/2023","10/11/2023","NVDA","NVIDIA
CUSIP: 67066G104
Recurring","Buy","0.221258","$451.96","($100.00)"
"10/9/2023","10/9/2023","10/11/2023","AVGO","Broadcom
CUSIP: 11135F101
Recurring","Buy","0.117479","$851.21","($100.00)"
"10/9/2023","10/9/2023","10/11/2023","MSFT","Microsoft
CUSIP: 594918104
Recurring","Buy","0.30372","$329.25","($100.00)"
"10/9/2023","10/9/2023","10/11/2023","AAPL","Apple
CUSIP: 037833100
Recurring","Buy","1.123279","$178.05","($200.00)"
"10/9/2023","10/9/2023","10/11/2023","JPM","JPMorgan Chase
CUSIP: 46625H100
Recurring","Buy","0.692376","$144.43","($100.00)"
"10/9/2023","10/9/2023","10/11/2023","GOOGL","Alphabet Class A
CUSIP: 02079K305
Recurring","Buy","0.72532","$137.87","($100.00)"
"10/9/2023","10/9/2023","10/11/2023","","ACH Deposit","ACH","","","$1,000.00"
"10/2/2023","10/2/2023","10/4/2023","DKS","Dicks Sporting Goods
CUSIP: 253393102
Dividend Reinvestment","Buy","0.009572","$107.60","($1.03)"
"10/2/2023","10/2/2023","10/4/2023","AVGO","Broadcom
CUSIP: 11135F101
Dividend Reinvestment","Buy","0.005289","$831.89","($4.40)"
"9/29/2023","9/29/2023","9/29/2023","AVGO","Cash Div: R/D 2023-09-21 P/D 2023-09-29 - 0.956859 shares at 4.6","CDIV","","","$4.40"
"9/29/2023","9/29/2023","9/29/2023","DKS","Cash Div: R/D 2023-09-15 P/D 2023-09-29 - 1.029153 shares at 1","CDIV","","","$1.03"
"9/29/2023","9/29/2023","10/3/2023","NVDA","NVIDIA
CUSIP: 67066G104
Dividend Reinvestment","Buy","0.001161","$439.08","($0.51)"
"9/29/2023","9/29/2023","10/3/2023","GS","Goldman Sachs
CUSIP: 38141G104
Dividend Reinvestment","Buy","0.001347","$326.58","($0.44)"
"9/28/2023","9/28/2023","9/28/2023","GS","Cash Div: R/D 2023-08-31 P/D 2023-09-28 - 0.1603 shares at 2.75","CDIV","","","$0.44"
"9/28/2023","9/28/2023","9/28/2023","NVDA","Cash Div: R/D 2023-09-07 P/D 2023-09-28 - 12.639544 shares at 0.04","CDIV","","","$0.51"
"9/25/2023","9/25/2023","9/27/2023","LMT","Lockheed
CUSIP: 539830109
Dividend Reinvestment","Buy","0.00167","$413.16","($0.69)"
"9/25/2023","9/25/2023","9/27/2023","BLK","BlackRock
CUSIP: 09247X101
Dividend Reinvestment","Buy","0.021597","$656.57","($14.18)"
"9/22/2023","9/22/2023","9/22/2023","LMT","Cash Div: R/D 2023-09-01 P/D 2023-09-22 - 0.230958 shares at 3","CDIV","","","$0.69"
"9/22/2023","9/22/2023","9/22/2023","BLK","Cash Div: R/D 2023-09-08 P/D 2023-09-22 - 2.836501 shares at 5","CDIV","","","$14.18"
"9/22/2023","9/22/2023","9/26/2023","QCOM","Qualcomm
CUSIP: 747525103
Dividend Reinvestment","Buy","0.000913","$109.51","($0.10)"
"9/21/2023","9/21/2023","9/21/2023","QCOM","Cash Div: R/D 2023-08-31 P/D 2023-09-21 - 0.129249 shares at 0.8","CDIV","","","$0.10"
"9/21/2023","9/21/2023","9/25/2023","EA","EA
CUSIP: 285512109
Dividend Reinvestment","Buy","0.001589","$119.54","($0.19)"
"9/20/2023","9/20/2023","9/20/2023","EA","Cash Div: R/D 2023-08-30 P/D 2023-09-20 - 1.006341 shares at 0.19","CDIV","","","$0.19"
"9/15/2023","9/15/2023","9/19/2023","MSFT","Microsoft
CUSIP: 594918104
Dividend Reinvestment","Buy","0.037571","$333.76","($12.54)"
"9/15/2023","9/15/2023","9/19/2023","AMAT","Applied Materials
CUSIP: 038222105
Dividend Reinvestment","Buy","0.003794","$139.68","($0.53)"
"9/14/2023","9/14/2023","9/14/2023","MSFT","Cash Div: R/D 2023-08-17 P/D 2023-09-14 - 18.442545 shares at 0.68","CDIV","","","$12.54"
"9/14/2023","9/14/2023","9/14/2023","AMAT","Cash Div: R/D 2023-08-24 P/D 2023-09-14 - 1.645227 shares at 0.32","CDIV","","","$0.53"
"9/11/2023","9/11/2023","9/13/2023","BLK","BlackRock
CUSIP: 09247X101
Recurring","Buy","0.143319","$697.74","($100.00)"
"9/11/2023","9/11/2023","9/13/2023","AMZN","Amazon
CUSIP: 023135106
Recurring","Buy","0.703878","$142.07","($100.00)"
"9/11/2023","9/11/2023","9/13/2023","WMT","Walmart
CUSIP: 931142103
Recurring","Buy","0.609347","$164.11","($100.00)"
"9/11/2023","9/11/2023","9/13/2023","NVDA","NVIDIA
CUSIP: 67066G104
Recurring","Buy","0.222","$450.45","($100.00)"
"9/11/2023","9/11/2023","9/13/2023","AVGO","Broadcom
CUSIP: 11135F101
Recurring","Buy","0.117068","$854.20","($100.00)"
"9/11/2023","9/11/2023","9/13/2023","GOOGL","Alphabet Class A
CUSIP: 02079K305
Recurring","Buy","0.72966","$137.05","($100.00)"
"9/11/2023","9/11/2023","9/13/2023","MSFT","Microsoft
CUSIP: 594918104
Recurring","Buy","0.296375","$337.41","($100.00)"
"9/11/2023","9/11/2023","9/13/2023","AAPL","Apple
CUSIP: 037833100
Recurring","Buy","1.115511","$179.29","($200.00)"
"9/11/2023","9/11/2023","9/12/2023","","ACH Deposit","ACH","","","$900.00"
"9/11/2023","9/11/2023","9/13/2023","IBN","ICICI Bank
CUSIP: 45104G104
Dividend Reinvestment","Buy","0.036073","$23.84","($0.86)"
"9/8/2023","9/8/2023","9/8/2023","IBN","Cash Div: R/D 2023-08-09 P/D 2023-09-08 - 5.036998 shares at 0.193192","CDIV","","","$0.97"
"9/8/2023","9/8/2023","9/8/2023","IBN","Foreign Tax Witholding at $0.11","DTAX","","","($0.11)"
"9/8/2023","9/8/2023","9/12/2023","JNJ","Johnson & Johnson
CUSIP: 478160104
Dividend Reinvestment","Buy","0.002942","$159.75","($0.47)"
"9/8/2023","9/8/2023","9/12/2023","RTX","RTX Corporation
CUSIP: 75513E101
Dividend Reinvestment","Buy","0.007187","$83.48","($0.60)"
"9/7/2023","9/7/2023","9/7/2023","JNJ","Cash Div: R/D 2023-08-28 P/D 2023-09-07 - 0.390953 shares at 1.19","CDIV","","","$0.47"
"9/7/2023","9/7/2023","9/7/2023","RTX","Cash Div: R/D 2023-08-18 P/D 2023-09-07 - 1.023995 shares at 0.59","CDIV","","","$0.60"
"9/6/2023","9/6/2023","9/8/2023","JPM","JPMorgan Chase
CUSIP: 46625H100
Recurring","Buy","0.692568","$144.39","($100.00)"
"9/6/2023","9/6/2023","9/7/2023","","ACH Deposit","ACH","","","$100.00"
"9/6/2023","9/6/2023","9/8/2023","WMT","Walmart
CUSIP: 931142103
Dividend Reinvestment","Buy","0.044819","$161.76","($7.25)"
"9/5/2023","9/5/2023","9/5/2023","WMT","Cash Div: R/D 2023-08-11 P/D 2023-09-05 - 12.725688 shares at 0.57","CDIV","","","$7.25"
"9/5/2023","9/5/2023","9/7/2023","INTC","Intel
CUSIP: 458140100
Dividend Reinvestment","Buy","0.031754","$37.16","($1.18)"
"9/5/2023","9/5/2023","9/7/2023","V","Visa
CUSIP: 92826C839
Dividend Reinvestment","Buy","0.005239","$246.23","($1.29)"
"9/1/2023","9/1/2023","9/1/2023","V","Cash Div: R/D 2023-08-11 P/D 2023-09-01 - 2.874786 shares at 0.45","CDIV","","","$1.29"
"9/1/2023","9/1/2023","9/1/2023","INTC","Cash Div: R/D 2023-08-07 P/D 2023-09-01 - 9.438713 shares at 0.125","CDIV","","","$1.18"
"8/18/2023","8/18/2023","8/22/2023","AAPL","Apple
CUSIP: 037833100
Dividend Reinvestment","Buy","0.038047","$172.94","($6.58)"
"8/17/2023","8/17/2023","8/17/2023","AAPL","Cash Div: R/D 2023-08-14 P/D 2023-08-17 - 27.397845 shares at 0.24","CDIV","","","$6.58"
"8/16/2023","8/16/2023","8/18/2023","TXN","Texas Instruments
CUSIP: 882508104
order batcher","Buy","0.002445","$167.68","($0.41)"
"8/15/2023","8/15/2023","8/15/2023","TXN","Cash Div: R/D 2023-07-31 P/D 2023-08-15 - 0.329003 shares at 1.24","CDIV","","","$0.41"
"8/10/2023","8/10/2023","8/14/2023","MA","Mastercard
CUSIP: 57636Q104
order batcher","Buy","0.002573","$400.27","($1.03)"
"8/9/2023","8/9/2023","8/9/2023","MA","Cash Div: R/D 2023-07-07 P/D 2023-08-09 - 1.805387 shares at 0.57","CDIV","","","$1.03"
"8/9/2023","8/9/2023","8/11/2023","AMZN","Amazon
CUSIP: 023135106
order batcher","Buy","0.722908","$138.33","($100.00)"
"8/9/2023","8/9/2023","8/11/2023","WMT","Walmart
CUSIP: 931142103
order batcher","Buy","0.619693","$161.37","($100.00)"
"8/9/2023","8/9/2023","8/11/2023","NVDA","NVIDIA
CUSIP: 67066G104
order batcher","Buy","0.231878","$431.26","($100.00)"
"8/9/2023","8/9/2023","8/11/2023","AVGO","Broadcom
CUSIP: 11135F101
order batcher","Buy","0.117134","$853.72","($100.00)"
"8/9/2023","8/9/2023","8/11/2023","GOOGL","Alphabet Class A
CUSIP: 02079K305
order batcher","Buy","0.76599","$130.55","($100.00)"
"8/9/2023","8/9/2023","8/11/2023","MSFT","Microsoft
CUSIP: 594918104
order batcher","Buy","0.308327","$324.33","($100.00)"
"8/9/2023","8/9/2023","8/11/2023","AAPL","Apple
CUSIP: 037833100
order batcher","Buy","1.119194","$178.70","($200.00)"
"8/9/2023","8/9/2023","8/11/2023","BLK","BlackRock
CUSIP: 09247X101
order batcher","Buy","0.143934","$694.76","($100.00)"
"8/9/2023","8/9/2023","8/10/2023","","ACH Deposit","ACH","","","$900.00"
"8/8/2023","8/8/2023","8/10/2023","DAL","Delta Air Lines
CUSIP: 247361702
order batcher","Buy","0.000443","$45.14","($0.02)"
"8/7/2023","8/7/2023","8/7/2023","DAL","Cash Div: R/D 2023-07-17 P/D 2023-08-07 - 0.213151 shares at 0.1","CDIV","","","$0.02"
"8/1/2023","8/1/2023","8/3/2023","JPM","JPMorgan Chase
CUSIP: 46625H100
order batcher","Buy","0.006817","$156.94","($1.07)"
"8/1/2023","8/1/2023","8/3/2023","AGRX","AGILE THERAPEUTICS INC
CUSIP: 00847L308","Sell","0.0005","$2.82","$0.01"
"7/31/2023","7/31/2023","7/31/2023","JPM","Cash Div: R/D 2023-07-06 P/D 2023-07-31 - 1.065315 shares at 1","CDIV","","","$1.07"
"7/27/2023","7/27/2023","7/31/2023","ORCL","Oracle
CUSIP: 68389X105
order batcher","Buy","0.000514","$116.54","($0.06)"
"7/27/2023","7/27/2023","7/31/2023","CSCO","Cisco Systems
CUSIP: 17275R102
order batcher","Buy","0.007827","$53.66","($0.42)"
"7/26/2023","7/26/2023","7/26/2023","ORCL","Cash Div: R/D 2023-07-12 P/D 2023-07-26 - 0.148812 shares at 0.4","CDIV","","","$0.06"
"7/26/2023","7/26/2023","7/26/2023","CSCO","Cash Div: R/D 2023-07-06 P/D 2023-07-26 - 1.070184 shares at 0.39","CDIV","","","$0.42"
"7/10/2023","7/10/2023","7/12/2023","BLK","BlackRock
CUSIP: 09247X101
order batcher","Buy","0.143705","$695.87","($100.00)"
"7/10/2023","7/10/2023","7/12/2023","AMZN","Amazon
CUSIP: 023135106
order batcher","Buy","0.788519","$126.82","($100.00)"
"7/10/2023","7/10/2023","7/12/2023","WMT","Walmart
CUSIP: 931142103
order batcher","Buy","0.643915","$155.30","($100.00)"
"7/10/2023","7/10/2023","7/12/2023","NVDA","NVIDIA
CUSIP: 67066G104
order batcher","Buy","0.23801","$420.15","($100.00)"
"7/10/2023","7/10/2023","7/12/2023","AVGO","Broadcom
CUSIP: 11135F101
order batcher","Buy","0.114846","$870.73","($100.00)"
"7/10/2023","7/10/2023","7/12/2023","GOOGL","Alphabet Class A
CUSIP: 02079K305
order batcher","Buy","0.858737","$116.45","($100.00)"
"7/10/2023","7/10/2023","7/12/2023","MSFT","Microsoft
CUSIP: 594918104
order batcher","Buy","0.302343","$330.75","($100.00)"
"7/10/2023","7/10/2023","7/12/2023","AAPL","Apple
CUSIP: 037833100
order batcher","Buy","1.062642","$188.21","($200.00)"
"7/10/2023","7/10/2023","7/11/2023","","ACH Deposit","ACH","","","$900.00"
"7/3/2023","7/3/2023","7/6/2023","NVDA","NVIDIA
CUSIP: 67066G104
order batcher","Buy","0.001131","$424.25","($0.48)"
"7/3/2023","7/3/2023","7/6/2023","DKS","Dicks Sporting Goods
CUSIP: 253393102
order batcher","Buy","0.007677","$132.86","($1.02)"
"7/3/2023","7/3/2023","7/6/2023","AVGO","Broadcom
CUSIP: 11135F101
order batcher","Buy","0.003201","$868.37","($2.78)"
"6/30/2023","6/30/2023","6/30/2023","NVDA","Cash Div: R/D 2023-06-08 P/D 2023-06-30 - 11.912594 shares at 0.04","CDIV","","","$0.48"
"6/30/2023","6/30/2023","6/30/2023","DKS","Cash Div: R/D 2023-06-16 P/D 2023-06-30 - 1.021476 shares at 1","CDIV","","","$1.02"
"6/30/2023","6/30/2023","6/30/2023","AVGO","Cash Div: R/D 2023-06-22 P/D 2023-06-30 - 0.60461 shares at 4.6","CDIV","","","$2.78"
"6/30/2023","6/30/2023","7/5/2023","GS","Goldman Sachs
CUSIP: 38141G104
order batcher","Buy","0.001233","$324.26","($0.40)"
"6/29/2023","6/29/2023","6/29/2023","GS","Cash Div: R/D 2023-06-01 P/D 2023-06-29 - 0.159067 shares at 2.5","CDIV","","","$0.40"
"6/26/2023","6/26/2023","6/28/2023","LMT","Lockheed
CUSIP: 539830109
order batcher","Buy","0.001532","$450.32","($0.69)"
"6/26/2023","6/26/2023","6/28/2023","BLK","BlackRock
CUSIP: 09247X101
order batcher","Buy","0.017499","$681.15","($11.92)"
"6/23/2023","6/23/2023","6/23/2023","LMT","Cash Div: R/D 2023-06-01 P/D 2023-06-23 - 0.229426 shares at 3","CDIV","","","$0.69"
"6/23/2023","6/23/2023","6/23/2023","BLK","Cash Div: R/D 2023-06-08 P/D 2023-06-23 - 2.384587 shares at 5","CDIV","","","$11.92"
"6/23/2023","6/23/2023","6/27/2023","QCOM","Qualcomm
CUSIP: 747525103
order batcher","Buy","0.000868","$115.17","($0.10)"
"6/22/2023","6/22/2023","6/22/2023","QCOM","Cash Div: R/D 2023-06-01 P/D 2023-06-22 - 0.128381 shares at 0.8","CDIV","","","$0.10"
"6/22/2023","6/22/2023","6/26/2023","EA","EA
CUSIP: 285512109
order batcher","Buy","0.001512","$125.64","($0.19)"
"6/21/2023","6/21/2023","6/21/2023","EA","Cash Div: R/D 2023-05-31 P/D 2023-06-21 - 1.004829 shares at 0.19","CDIV","","","$0.19"
"6/16/2023","6/16/2023","6/21/2023","AMAT","Applied Materials
CUSIP: 038222105
order batcher","Buy","0.003785","$139.99","($0.53)"
"6/16/2023","6/16/2023","6/21/2023","RTX","RTX Corporation
CUSIP: 75513E101
order batcher","Buy","0.006096","$98.41","($0.60)"
"6/15/2023","6/15/2023","6/15/2023","RTX","Cash Div: R/D 2023-05-19 P/D 2023-06-15 - 1.017899 shares at 0.59","CDIV","","","$0.60"
"6/15/2023","6/15/2023","6/15/2023","AMAT","Cash Div: R/D 2023-05-25 P/D 2023-06-15 - 1.641442 shares at 0.32","CDIV","","","$0.53"
"6/9/2023","6/9/2023","6/13/2023","BLK","BlackRock
CUSIP: 09247X101
order batcher","Buy","0.146776","$681.31","($100.00)"
"6/9/2023","6/9/2023","6/13/2023","AMZN","Amazon
CUSIP: 023135106
order batcher","Buy","0.806581","$123.98","($100.00)"
"6/9/2023","6/9/2023","6/13/2023","WMT","Walmart
CUSIP: 931142103
order batcher","Buy","0.65321","$153.09","($100.00)"
"6/9/2023","6/9/2023","6/13/2023","NVDA","NVIDIA
CUSIP: 67066G104
order batcher","Buy","0.255931","$390.73","($100.00)"
"6/9/2023","6/9/2023","6/13/2023","AVGO","Broadcom
CUSIP: 11135F101
order batcher","Buy","0.123653","$808.71","($100.00)"
"6/9/2023","6/9/2023","6/13/2023","GOOGL","Alphabet Class A
CUSIP: 02079K305
order batcher","Buy","0.813603","$122.91","($100.00)"
"6/9/2023","6/9/2023","6/13/2023","MSFT","Microsoft
CUSIP: 594918104
order batcher","Buy","0.304933","$327.94","($100.00)"
"6/9/2023","6/9/2023","6/13/2023","AAPL","Apple
CUSIP: 037833100
order batcher","Buy","1.100836","$181.68","($200.00)"
"6/9/2023","6/9/2023","6/12/2023","","ACH Deposit","ACH","","","$900.00"
"6/9/2023","6/9/2023","6/13/2023","MSFT","Microsoft
CUSIP: 594918104
order batcher","Buy","0.03616","$328.81","($11.89)"
"6/8/2023","6/8/2023","6/8/2023","MSFT","Cash Div: R/D 2023-05-18 P/D 2023-06-08 - 17.490782 shares at 0.68","CDIV","","","$11.89"
"6/7/2023","6/7/2023","6/9/2023","JNJ","Johnson & Johnson
CUSIP: 478160104
order batcher","Buy","0.002906","$158.27","($0.46)"
"6/6/2023","6/6/2023","6/6/2023","JNJ","Cash Div: R/D 2023-05-23 P/D 2023-06-06 - 0.388047 shares at 1.19","CDIV","","","$0.46"
"6/2/2023","6/2/2023","6/6/2023","INTC","Intel
CUSIP: 458140100
order batcher","Buy","0.03815","$30.93","($1.18)"
"6/2/2023","6/2/2023","6/6/2023","V","Visa
CUSIP: 92826C839
order batcher","Buy","0.005665","$227.69","($1.29)"
"6/1/2023","6/1/2023","6/1/2023","V","Cash Div: R/D 2023-05-12 P/D 2023-06-01 - 2.869121 shares at 0.45","CDIV","","","$1.29"
"6/1/2023","6/1/2023","6/1/2023","INTC","Cash Div: R/D 2023-05-07 P/D 2023-06-01 - 9.400563 shares at 0.125","CDIV","","","$1.18"
"5/31/2023","5/31/2023","6/2/2023","WMT","Walmart
CUSIP: 931142103
order batcher","Buy","0.039369","$146.56","($5.77)"
"5/30/2023","5/30/2023","5/30/2023","WMT","Cash Div: R/D 2023-05-05 P/D 2023-05-30 - 10.114194 shares at 0.57","CDIV","","","$5.77"
"5/19/2023","5/19/2023","5/23/2023","AAPL","Apple
CUSIP: 037833100
order batcher","Buy","0.032812","$176.15","($5.78)"
"5/18/2023","5/18/2023","5/18/2023","AAPL","Cash Div: R/D 2023-05-15 P/D 2023-05-18 - 24.082361 shares at 0.24","CDIV","","","$5.78"
"5/17/2023","5/17/2023","5/19/2023","TXN","Texas Instruments
CUSIP: 882508104
order batcher","Buy","0.002435","$164.23","($0.40)"
"5/16/2023","5/16/2023","5/16/2023","TXN","Cash Div: R/D 2023-05-08 P/D 2023-05-16 - 0.326568 shares at 1.24","CDIV","","","$0.40"
"5/10/2023","5/10/2023","5/12/2023","MA","Mastercard
CUSIP: 57636Q104
order batcher","Buy","0.002689","$383.02","($1.03)"
"5/9/2023","5/9/2023","5/9/2023","MA","Cash Div: R/D 2023-04-07 P/D 2023-05-09 - 1.802698 shares at 0.57","CDIV","","","$1.03"
"5/9/2023","5/9/2023","5/11/2023","BLK","BlackRock
CUSIP: 09247X101
order batcher","Buy","0.157124","$636.44","($100.00)"
"5/9/2023","5/9/2023","5/11/2023","AMZN","Amazon
CUSIP: 023135106
order batcher","Buy","0.937822","$106.63","($100.00)"
"5/9/2023","5/9/2023","5/11/2023","WMT","Walmart
CUSIP: 931142103
order batcher","Buy","0.655307","$152.60","($100.00)"
"5/9/2023","5/9/2023","5/11/2023","NVDA","NVIDIA
CUSIP: 67066G104
order batcher","Buy","0.349687","$285.97","($100.00)"
"5/9/2023","5/9/2023","5/11/2023","AVGO","Broadcom
CUSIP: 11135F101
order batcher","Buy","0.161454","$619.37","($100.00)"
"5/9/2023","5/9/2023","5/11/2023","GOOGL","Alphabet Class A
CUSIP: 02079K305
order batcher","Buy","0.925411","$108.06","($100.00)"
"5/9/2023","5/9/2023","5/11/2023","MSFT","Microsoft
CUSIP: 594918104
order batcher","Buy","0.324601","$308.07","($100.00)"
"5/9/2023","5/9/2023","5/11/2023","AAPL","Apple
CUSIP: 037833100
order batcher","Buy","1.160968","$172.27","($200.00)"
"5/9/2023","5/9/2023","5/9/2023","","ACH Deposit","ACH","","","$900.00"
"5/2/2023","5/2/2023","5/4/2023","JPM","JPMorgan Chase
CUSIP: 46625H100
order batcher","Buy","0.007585","$139.74","($1.06)"
"5/1/2023","5/1/2023","5/1/2023","JPM","Cash Div: R/D 2023-04-06 P/D 2023-05-01 - 1.05773 shares at 1","CDIV","","","$1.06"
"4/27/2023","4/27/2023","5/1/2023","CSCO","Cisco Systems
CUSIP: 17275R102
order batcher","Buy","0.008862","$46.26","($0.41)"
"4/26/2023","4/26/2023","4/26/2023","CSCO","Cash Div: R/D 2023-04-05 P/D 2023-04-26 - 1.061322 shares at 0.39","CDIV","","","$0.41"
"4/25/2023","4/25/2023","4/27/2023","ORCL","Oracle
CUSIP: 68389X105
order batcher","Buy","0.000632","$94.85","($0.06)"
"4/24/2023","4/24/2023","4/24/2023","ORCL","Cash Div: R/D 2023-04-11 P/D 2023-04-24 - 0.14818 shares at 0.4","CDIV","","","$0.06"
"4/11/2023","4/11/2023","4/11/2023","AGRX","AGILE THERAPEUTICS INC
CUSIP: 00847L308","SPR","0.0005","",""
"4/11/2023","4/11/2023","4/11/2023","AGRX","Agile Therapeutics
CUSIP: 00847L209","SPR","0.025S","",""
"4/10/2023","4/10/2023","4/12/2023","BLK","BlackRock
CUSIP: 09247X101
order batcher","Buy","0.152371","$656.29","($100.00)"
"4/10/2023","4/10/2023","4/12/2023","AMZN","Amazon
CUSIP: 023135106
order batcher","Buy","0.981739","$101.86","($100.00)"
"4/10/2023","4/10/2023","4/12/2023","NVDA","NVIDIA
CUSIP: 67066G104
order batcher","Buy","0.363438","$275.15","($100.00)"
"4/10/2023","4/10/2023","4/12/2023","AVGO","Broadcom
CUSIP: 11135F101
order batcher","Buy","0.159718","$626.10","($100.00)"
"4/10/2023","4/10/2023","4/12/2023","GOOGL","Alphabet Class A
CUSIP: 02079K305
order batcher","Buy","0.940379","$106.34","($100.00)"
"4/10/2023","4/10/2023","4/12/2023","MSFT","Microsoft
CUSIP: 594918104
order batcher","Buy","0.346464","$288.63","($100.00)"
"4/10/2023","4/10/2023","4/12/2023","AAPL","Apple
CUSIP: 037833100
order batcher","Buy","1.238006","$161.55","($200.00)"
"4/10/2023","4/10/2023","4/12/2023","WMT","Walmart
CUSIP: 931142103
order batcher","Buy","0.662339","$150.98","($100.00)"
"4/10/2023","4/10/2023","4/10/2023","","ACH Deposit","ACH","","","$900.00"
"4/4/2023","4/4/2023","4/6/2023","WMT","Walmart
CUSIP: 931142103
order batcher","Buy","0.036168","$148.47","($5.37)"
"4/3/2023","4/3/2023","4/3/2023","WMT","Cash Div: R/D 2023-03-17 P/D 2023-04-03 - 9.415687 shares at 0.57","CDIV","","","$5.37"
"4/3/2023","4/3/2023","4/5/2023","AVGO","Broadcom
CUSIP: 11135F101
order batcher","Buy","0.001136","$642.28","($0.73)"
"4/3/2023","4/3/2023","4/5/2023","DKS","Dicks Sporting Goods
CUSIP: 253393102
order batcher","Buy","0.007013","$144.00","($1.01)"
"3/31/2023","3/31/2023","3/31/2023","DKS","Cash Div: R/D 2023-03-17 P/D 2023-03-31 - 1.014463 shares at 1","CDIV","","","$1.01"
"3/31/2023","3/31/2023","3/31/2023","AVGO","Cash Div: R/D 2023-03-22 P/D 2023-03-31 - 0.158649 shares at 4.6","CDIV","","","$0.73"
"3/31/2023","3/31/2023","4/4/2023","GS","Goldman Sachs
CUSIP: 38141G104
order batcher","Buy","0.001201","$324.69","($0.39)"
"3/30/2023","3/30/2023","3/30/2023","GS","Cash Div: R/D 2023-03-02 P/D 2023-03-30 - 0.157866 shares at 2.5","CDIV","","","$0.39"
"3/30/2023","3/30/2023","4/3/2023","NVDA","NVIDIA
CUSIP: 67066G104
order batcher","Buy","0.00157","$273.72","($0.43)"
"3/29/2023","3/29/2023","3/29/2023","NVDA","Cash Div: R/D 2023-03-08 P/D 2023-03-29 - 10.778119 shares at 0.04","CDIV","","","$0.43"
"3/27/2023","3/27/2023","3/29/2023","LMT","Lockheed
CUSIP: 539830109
order batcher","Buy","0.001436","$473.52","($0.68)"
"3/24/2023","3/24/2023","3/24/2023","LMT","Cash Div: R/D 2023-03-01 P/D 2023-03-24 - 0.22799 shares at 3","CDIV","","","$0.68"
"3/24/2023","3/24/2023","3/28/2023","BLK","BlackRock
CUSIP: 09247X101
order batcher","Buy","0.014737","$647.34","($9.54)"
"3/24/2023","3/24/2023","3/28/2023","QCOM","Qualcomm
CUSIP: 747525103
order batcher","Buy","0.000807","$123.91","($0.10)"
"3/24/2023","3/24/2023","3/28/2023","RTX","RTX Corporation
CUSIP: 75513E101
order batcher","Buy","0.005865","$95.48","($0.56)"
"3/23/2023","3/23/2023","3/23/2023","BLK","Cash Div: R/D 2023-03-07 P/D 2023-03-23 - 1.908387 shares at 5","CDIV","","","$9.54"
"3/23/2023","3/23/2023","3/23/2023","QCOM","Cash Div: R/D 2023-03-02 P/D 2023-03-23 - 0.127574 shares at 0.75","CDIV","","","$0.10"
"3/23/2023","3/23/2023","3/23/2023","RTX","Cash Div: R/D 2023-02-24 P/D 2023-03-23 - 1.012034 shares at 0.55","CDIV","","","$0.56"
"3/23/2023","3/23/2023","3/27/2023","EA","EA
CUSIP: 285512109
order batcher","Buy","0.001639","$115.87","($0.19)"
"3/22/2023","3/22/2023","3/22/2023","EA","Cash Div: R/D 2023-03-01 P/D 2023-03-22 - 1.00319 shares at 0.19","CDIV","","","$0.19"
"3/17/2023","3/17/2023","3/21/2023","AMAT","Applied Materials
CUSIP: 038222105
order batcher","Buy","0.003495","$123.02","($0.43)"
"3/16/2023","3/16/2023","3/16/2023","AMAT","Cash Div: R/D 2023-02-23 P/D 2023-03-16 - 1.637947 shares at 0.26","CDIV","","","$0.43"
"3/10/2023","3/10/2023","3/14/2023","MSFT","Microsoft
CUSIP: 594918104
order batcher","Buy","0.044567","$249.96","($11.14)"
"3/9/2023","3/9/2023","3/9/2023","MSFT","Cash Div: R/D 2023-02-16 P/D 2023-03-09 - 16.382855 shares at 0.68","CDIV","","","$11.14"
"3/9/2023","3/9/2023","3/13/2023","AMZN","Amazon
CUSIP: 023135106
order batcher","Buy","1.067008","$93.72","($100.00)"
"3/9/2023","3/9/2023","3/13/2023","WMT","Walmart
CUSIP: 931142103
order batcher","Buy","0.723222","$138.27","($100.00)"
"3/9/2023","3/9/2023","3/13/2023","NVDA","NVIDIA
CUSIP: 67066G104
order batcher","Buy","0.41978","$238.22","($100.00)"
"3/9/2023","3/9/2023","3/13/2023","AVGO","Broadcom
CUSIP: 11135F101
order batcher","Buy","0.158649","$630.32","($100.00)"
"3/9/2023","3/9/2023","3/13/2023","GOOGL","Alphabet Class A
CUSIP: 02079K305
order batcher","Buy","1.068261","$93.61","($100.00)"
"3/9/2023","3/9/2023","3/13/2023","MSFT","Microsoft
CUSIP: 594918104
order batcher","Buy","0.392295","$254.91","($100.00)"
"3/9/2023","3/9/2023","3/13/2023","BLK","BlackRock
CUSIP: 09247X101
order batcher","Buy","0.151968","$658.03","($100.00)"
"3/9/2023","3/9/2023","3/13/2023","AAPL","Apple
CUSIP: 037833100
order batcher","Buy","1.310873","$152.57","($200.00)"
"3/9/2023","3/9/2023","3/9/2023","","ACH Deposit","ACH","","","$900.00"
"3/8/2023","3/8/2023","3/10/2023","JNJ","Johnson & Johnson
CUSIP: 478160104
order batcher","Buy","0.002871","$153.23","($0.44)"
"3/7/2023","3/7/2023","3/7/2023","JNJ","Cash Div: R/D 2023-02-21 P/D 2023-03-07 - 0.385176 shares at 1.13","CDIV","","","$0.44"
"3/2/2023","3/2/2023","3/6/2023","V","Visa
CUSIP: 92826C839
order batcher","Buy","0.005909","$218.29","($1.29)"
"3/2/2023","3/2/2023","3/6/2023","INTC","Intel
CUSIP: 458140100
order batcher","Buy","0.132653","$25.48","($3.38)"
"3/1/2023","3/1/2023","3/1/2023","INTC","Cash Div: R/D 2023-02-07 P/D 2023-03-01 - 9.26791 shares at 0.365","CDIV","","","$3.38"
"3/1/2023","3/1/2023","3/1/2023","V","Cash Div: R/D 2023-02-10 P/D 2023-03-01 - 2.863212 shares at 0.45","CDIV","","","$1.29"
"2/17/2023","2/17/2023","2/22/2023","AAPL","Apple
CUSIP: 037833100
order batcher","Buy","0.030712","$152.38","($4.68)"
"2/16/2023","2/16/2023","2/16/2023","AAPL","Cash Div: R/D 2023-02-13 P/D 2023-02-16 - 20.341802 shares at 0.23","CDIV","","","$4.68"
"2/15/2023","2/15/2023","2/17/2023","TXN","Texas Instruments
CUSIP: 882508104
order batcher","Buy","0.002265","$176.56","($0.40)"
"2/14/2023","2/14/2023","2/14/2023","TXN","Cash Div: R/D 2023-01-31 P/D 2023-02-14 - 0.324303 shares at 1.24","CDIV","","","$0.40"
"2/10/2023","2/10/2023","2/14/2023","MA","Mastercard
CUSIP: 57636Q104
order batcher","Buy","0.002805","$367.19","($1.03)"
"2/9/2023","2/9/2023","2/9/2023","MA","Cash Div: R/D 2023-01-09 P/D 2023-02-09 - 1.799893 shares at 0.57","CDIV","","","$1.03"
"2/9/2023","2/9/2023","2/13/2023","AMZN","Amazon
CUSIP: 023135106
order batcher","Buy","1.008369","$99.17","($100.00)"
"2/9/2023","2/9/2023","2/13/2023","WMT","Walmart
CUSIP: 931142103
order batcher","Buy","0.708666","$141.11","($100.00)"
"2/9/2023","2/9/2023","2/13/2023","NVDA","NVIDIA
CUSIP: 67066G104
order batcher","Buy","0.440761","$226.88","($100.00)"
"2/9/2023","2/9/2023","2/13/2023","GOOGL","Alphabet Class A
CUSIP: 02079K305
order batcher","Buy","1.054296","$94.85","($100.00)"
"2/9/2023","2/9/2023","2/13/2023","MSFT","Microsoft
CUSIP: 594918104
order batcher","Buy","0.374279","$267.18","($100.00)"
"2/9/2023","2/9/2023","2/13/2023","BLK","BlackRock
CUSIP: 09247X101
order batcher","Buy","0.138404","$722.52","($100.00)"
"2/9/2023","2/9/2023","2/13/2023","AAPL","Apple
CUSIP: 037833100
order batcher","Buy","0.656297","$152.37","($100.00)"
"2/9/2023","2/9/2023","2/9/2023","","ACH Deposit","ACH","","","$700.00"
"2/1/2023","2/1/2023","2/3/2023","JPM","JPMorgan Chase
CUSIP: 46625H100
order batcher","Buy","0.007523","$139.57","($1.05)"
"1/31/2023","1/31/2023","1/31/2023","JPM","Cash Div: R/D 2023-01-06 P/D 2023-01-31 - 1.050207 shares at 1","CDIV","","","$1.05"
"1/26/2023","1/26/2023","1/30/2023","CSCO","Cisco Systems
CUSIP: 17275R102
order batcher","Buy","0.008285","$48.28","($0.40)"
"1/25/2023","1/25/2023","1/25/2023","CSCO","Cash Div: R/D 2023-01-05 P/D 2023-01-25 - 1.053037 shares at 0.38","CDIV","","","$0.40"
"1/25/2023","1/25/2023","1/27/2023","ORCL","Oracle
CUSIP: 68389X105
order batcher","Buy","0.000565","$88.37","($0.05)"
"1/24/2023","1/24/2023","1/24/2023","ORCL","Cash Div: R/D 2023-01-10 P/D 2023-01-24 - 0.147615 shares at 0.32","CDIV","","","$0.05"
"1/9/2023","1/9/2023","1/11/2023","BLK","BlackRock
CUSIP: 09247X101
order batcher","Buy","0.131818","$758.62","($100.00)"
"1/9/2023","1/9/2023","1/11/2023","AMZN","Amazon
CUSIP: 023135106
order batcher","Buy","1.120824","$89.22","($100.00)"
"1/9/2023","1/9/2023","1/11/2023","WMT","Walmart
CUSIP: 931142103
order batcher","Buy","0.687757","$145.40","($100.00)"
"1/9/2023","1/9/2023","1/11/2023","NVDA","NVIDIA
CUSIP: 67066G104
order batcher","Buy","0.62539","$159.90","($100.00)"
"1/9/2023","1/9/2023","1/11/2023","GOOGL","Alphabet Class A
CUSIP: 02079K305
order batcher","Buy","1.113089","$89.84","($100.00)"
"1/9/2023","1/9/2023","1/11/2023","MSFT","Microsoft
CUSIP: 594918104
order batcher","Buy","0.434235","$230.29","($100.00)"
"1/9/2023","1/9/2023","1/11/2023","AAPL","Apple
CUSIP: 037833100
order batcher","Buy","0.755115","$132.43","($100.00)"
"1/9/2023","1/9/2023","1/9/2023","","ACH Deposit","ACH","","","$700.00"
"1/4/2023","1/4/2023","1/6/2023","WMT","Walmart
CUSIP: 931142103
order batcher","Buy","0.0258","$143.02","($3.69)"
"1/3/2023","1/3/2023","1/3/2023","WMT","Cash Div: R/D 2022-12-09 P/D 2023-01-03 - 6.586575 shares at 0.56","CDIV","","","$3.69"
"1/3/2023","1/3/2023","1/5/2023","LMT","Lockheed
CUSIP: 539830109
order batcher","Buy","0.001418","$479.46","($0.68)"
"1/3/2023","1/3/2023","1/5/2023","DKS","Dicks Sporting Goods
CUSIP: 253393102
order batcher","Buy","0.003983","$123.01","($0.49)"
"12/30/2022","12/30/2022","12/30/2022","LMT","Cash Div: R/D 2022-12-01 P/D 2022-12-30 - 0.226572 shares at 3","CDIV","","","$0.68"
"12/30/2022","12/30/2022","12/30/2022","DKS","Cash Div: R/D 2022-12-09 P/D 2022-12-30 - 1.01048 shares at 0.4875","CDIV","","","$0.49"
"12/30/2022","12/30/2022","1/4/2023","GS","Goldman Sachs
CUSIP: 38141G104
order batcher","Buy","0.001138","$342.68","($0.39)"
"12/29/2022","12/29/2022","12/29/2022","GS","Cash Div: R/D 2022-12-01 P/D 2022-12-29 - 0.156728 shares at 2.5","CDIV","","","$0.39"
"12/27/2022","12/27/2022","12/29/2022","BLK","BlackRock
CUSIP: 09247X101
order batcher","Buy","0.010332","$702.63","($7.26)"
"12/23/2022","12/23/2022","12/23/2022","BLK","Cash Div: R/D 2022-12-07 P/D 2022-12-23 - 1.487636 shares at 4.88","CDIV","","","$7.26"
"12/23/2022","12/23/2022","12/28/2022","NVDA","NVIDIA
CUSIP: 67066G104
order batcher","Buy","0.002424","$152.59","($0.37)"
"12/22/2022","12/22/2022","12/22/2022","NVDA","Cash Div: R/D 2022-12-01 P/D 2022-12-22 - 9.13064 shares at 0.04","CDIV","","","$0.37"
"12/22/2022","12/22/2022","12/27/2022","EA","EA
CUSIP: 285512109
order batcher","Buy","0.00157","$120.98","($0.19)"
"12/21/2022","12/21/2022","12/21/2022","EA","Cash Div: R/D 2022-11-30 P/D 2022-12-21 - 1.00162 shares at 0.19","CDIV","","","$0.19"
"12/16/2022","12/16/2022","12/20/2022","QCOM","Qualcomm
CUSIP: 747525103
order batcher","Buy","0.000875","$114.17","($0.10)"
"12/16/2022","12/16/2022","12/20/2022","AMAT","Applied Materials
CUSIP: 038222105
order batcher","Buy","0.004017","$104.55","($0.42)"
"12/16/2022","12/16/2022","12/20/2022","RTX","RTX Corporation
CUSIP: 75513E101
order batcher","Buy","0.005709","$96.33","($0.55)"
"12/15/2022","12/15/2022","12/15/2022","AMAT","Cash Div: R/D 2022-11-25 P/D 2022-12-15 - 1.63393 shares at 0.26","CDIV","","","$0.42"
"12/15/2022","12/15/2022","12/15/2022","QCOM","Cash Div: R/D 2022-12-01 P/D 2022-12-15 - 0.126699 shares at 0.75","CDIV","","","$0.10"
"12/15/2022","12/15/2022","12/15/2022","RTX","Cash Div: R/D 2022-11-18 P/D 2022-12-15 - 1.006325 shares at 0.55","CDIV","","","$0.55"
"12/9/2022","12/9/2022","12/13/2022","NVDA","NVIDIA
CUSIP: 67066G104
order batcher","Buy","0.578904","$172.74","($100.00)"
"12/9/2022","12/9/2022","12/13/2022","WMT","Walmart
CUSIP: 931142103
order batcher","Buy","0.683667","$146.27","($100.00)"
"12/9/2022","12/9/2022","12/13/2022","AMZN","Amazon
CUSIP: 023135106
order batcher","Buy","1.117942","$89.45","($100.00)"
"12/9/2022","12/9/2022","12/13/2022","AAPL","Apple
CUSIP: 037833100
order batcher","Buy","0.692904","$144.32","($100.00)"
"12/9/2022","12/9/2022","12/13/2022","BLK","BlackRock
CUSIP: 09247X101
order batcher","Buy","0.140197","$713.28","($100.00)"
"12/9/2022","12/9/2022","12/13/2022","GOOGL","Alphabet Class A
CUSIP: 02079K305
order batcher","Buy","1.067235","$93.70","($100.00)"
"12/9/2022","12/9/2022","12/13/2022","MSFT","Microsoft
CUSIP: 594918104
order batcher","Buy","0.404612","$247.15","($100.00)"
"12/9/2022","12/9/2022","12/9/2022","","ACH Deposit","ACH","","","$700.00"
"12/9/2022","12/9/2022","12/13/2022","MSFT","Microsoft
CUSIP: 594918104
order batcher","Buy","0.041854","$245.85","($10.29)"
"12/8/2022","12/8/2022","12/8/2022","MSFT","Cash Div: R/D 2022-11-17 P/D 2022-12-08 - 15.127875 shares at 0.68","CDIV","","","$10.29"
"12/7/2022","12/7/2022","12/9/2022","JNJ","Johnson & Johnson
CUSIP: 478160104
order batcher","Buy","0.002418","$177.76","($0.43)"
"12/6/2022","12/6/2022","12/6/2022","JNJ","Cash Div: R/D 2022-11-22 P/D 2022-12-06 - 0.382758 shares at 1.13","CDIV","","","$0.43"
"12/2/2022","12/2/2022","12/6/2022","INTC","Intel
CUSIP: 458140100
order batcher","Buy","0.114658","$29.13","($3.34)"
"12/2/2022","12/2/2022","12/6/2022","V","Visa
CUSIP: 92826C839
order batcher","Buy","0.005984","$215.56","($1.29)"
"12/1/2022","12/1/2022","12/1/2022","V","Cash Div: R/D 2022-11-11 P/D 2022-12-01 - 2.857228 shares at 0.45","CDIV","","","$1.29"
"12/1/2022","12/1/2022","12/1/2022","INTC","Cash Div: R/D 2022-11-07 P/D 2022-12-01 - 9.153252 shares at 0.365","CDIV","","","$3.34"
"11/16/2022","11/16/2022","11/18/2022","TXN","Texas Instruments
CUSIP: 882508104
Bulk Equity Order Allocation Execution","Buy","0.002265","$176.59","($0.40)"
"11/15/2022","11/15/2022","11/15/2022","TXN","Cash Div: R/D 2022-10-31 P/D 2022-11-15 - 0.322038 shares at 1.24","CDIV","","","$0.40"
"11/11/2022","11/11/2022","11/15/2022","AAPL","Apple
CUSIP: 037833100
Bulk Equity Order Allocation Execution","Buy","0.027655","$145.36","($4.02)"
"11/10/2022","11/10/2022","11/10/2022","AAPL","Cash Div: R/D 2022-11-07 P/D 2022-11-10 - 17.471279 shares at 0.23","CDIV","","","$4.02"
"11/10/2022","11/10/2022","11/15/2022","MA","Mastercard
CUSIP: 57636Q104
Bulk Equity Order Allocation Execution","Buy","0.00238","$331.90","($0.79)"
"11/9/2022","11/9/2022","11/9/2022","MA","Cash Div: R/D 2022-10-07 P/D 2022-11-09 - 1.604104 shares at 0.49","CDIV","","","$0.79"
"11/9/2022","11/9/2022","11/14/2022","AMZN","Amazon
CUSIP: 023135106
order batcher","Buy","1.159554","$86.24","($100.00)"
"11/9/2022","11/9/2022","11/14/2022","AAPL","Apple
CUSIP: 037833100
order batcher","Buy","0.738552","$135.40","($100.00)"
"11/9/2022","11/9/2022","11/14/2022","GOOGL","Alphabet Class A
CUSIP: 02079K305
order batcher","Buy","1.136363","$88.00","($100.00)"
"11/9/2022","11/9/2022","11/14/2022","BLK","BlackRock
CUSIP: 09247X101
order batcher","Buy","0.149055","$670.89","($100.00)"
"11/9/2022","11/9/2022","11/14/2022","NVDA","NVIDIA
CUSIP: 67066G104
order batcher","Buy","0.72406","$138.11","($100.00)"
"11/9/2022","11/9/2022","11/14/2022","MSFT","Microsoft
CUSIP: 594918104
order batcher","Buy","0.443439","$225.51","($100.00)"
"11/9/2022","11/9/2022","11/14/2022","WMT","Walmart
CUSIP: 931142103
order batcher","Buy","0.711794","$140.49","($100.00)"
"11/9/2022","11/9/2022","11/9/2022","","ACH Deposit","ACH","","","$700.00"
"11/1/2022","11/1/2022","11/3/2022","JPM","JPMorgan Chase
CUSIP: 46625H100
Bulk Equity Order Allocation Execution","Buy","0.00819","$126.98","($1.04)"
"10/31/2022","10/31/2022","10/31/2022","JPM","Cash Div: R/D 2022-10-06 P/D 2022-10-31 - 1.042017 shares at 1","CDIV","","","$1.04"
"10/27/2022","10/27/2022","10/31/2022","CSCO","Cisco Systems
CUSIP: 17275R102
Bulk Equity Order Allocation Execution","Buy","0.008938","$44.75","($0.40)"
"10/26/2022","10/26/2022","10/26/2022","CSCO","Cash Div: R/D 2022-10-05 P/D 2022-10-26 - 1.044099 shares at 0.38","CDIV","","","$0.40"
"10/26/2022","10/26/2022","10/28/2022","ORCL","Oracle
CUSIP: 68389X105
Bulk Equity Order Allocation Execution","Buy","0.000688","$72.62","($0.05)"
"10/25/2022","10/25/2022","10/25/2022","ORCL","Cash Div: R/D 2022-10-12 P/D 2022-10-25 - 0.146927 shares at 0.32","CDIV","","","$0.05"
"10/12/2022","10/12/2022","10/14/2022","BLK","BlackRock
CUSIP: 09247X101
order batcher","Buy","0.186703","$535.61","($100.00)"
"10/12/2022","10/12/2022","10/14/2022","AMZN","Amazon
CUSIP: 023135106
order batcher","Buy","0.882378","$113.33","($100.00)"
"10/12/2022","10/12/2022","10/14/2022","WMT","Walmart
CUSIP: 931142103
order batcher","Buy","0.758207","$131.89","($100.00)"
"10/12/2022","10/12/2022","10/14/2022","NVDA","NVIDIA
CUSIP: 67066G104
order batcher","Buy","0.86625","$115.44","($100.00)"
"10/12/2022","10/12/2022","10/14/2022","GOOGL","Alphabet Class A
CUSIP: 02079K305
order batcher","Buy","1.027115","$97.36","($100.00)"
"10/12/2022","10/12/2022","10/14/2022","MSFT","Microsoft
CUSIP: 594918104
order batcher","Buy","0.441559","$226.47","($100.00)"
"10/12/2022","10/12/2022","10/14/2022","AAPL","Apple
CUSIP: 037833100
order batcher","Buy","0.718958","$139.09","($100.00)"
"10/10/2022","10/10/2022","10/10/2022","","ACH Deposit","ACH","","","$700.00"
"10/7/2022","10/7/2022","10/12/2022","MA","Mastercard
CUSIP: 57636Q104","Buy","0.193409","$293.62","($56.79)"
"10/7/2022","10/7/2022","10/12/2022","V","Visa
CUSIP: 92826C839","Buy","0.328371","$182.73","($60.00)"
"10/7/2022","10/7/2022","10/12/2022","INTC","Intel
CUSIP: 458140100","Buy","4","$25.72","($102.87)"
"10/7/2022","10/7/2022","10/12/2022","NVDA","NVIDIA
CUSIP: 67066G104","Buy","1","$120.88","($120.88)"
"10/7/2022","10/7/2022","10/7/2022","","ACH Deposit","ACH","","","$1,000.00"
"10/7/2022","10/7/2022","10/12/2022","AMZN","Amazon
CUSIP: 023135106","Buy","2","$114.26","($228.53)"
"10/7/2022","10/7/2022","10/12/2022","GOOGL","Alphabet Class A
CUSIP: 02079K305","Buy","2","$98.65","($197.30)"
"10/7/2022","10/7/2022","10/12/2022","MSFT","Microsoft
CUSIP: 594918104","Buy","1","$233.63","($233.63)"
"10/3/2022","10/3/2022","10/5/2022","DKS","Dicks Sporting Goods
CUSIP: 253393102
Bulk Equity Order Allocation Execution","Buy","0.004625","$105.93","($0.49)"
"10/3/2022","10/3/2022","10/3/2022","TEAM","Atlassian Corporation
CUSIP: 049468101","SXCH","1","",""
"10/3/2022","10/3/2022","10/3/2022","TEAM","Atlassian
CUSIP: G06242104","SXCH","1S","",""
"9/30/2022","9/30/2022","9/30/2022","DKS","Cash Div: R/D 2022-09-09 P/D 2022-09-30 - 1.005855 shares at 0.4875","CDIV","","","$0.49"
"9/30/2022","9/30/2022","10/4/2022","NVDA","NVIDIA
CUSIP: 67066G104
Bulk Equity Order Allocation Execution","Buy","0.001901","$120.97","($0.23)"
"9/30/2022","9/30/2022","10/4/2022","GS","Goldman Sachs
CUSIP: 38141G104
Bulk Equity Order Allocation Execution","Buy","0.001316","$296.40","($0.39)"
"9/29/2022","9/29/2022","9/29/2022","GS","Cash Div: R/D 2022-09-01 P/D 2022-09-29 - 0.155412 shares at 2.5","CDIV","","","$0.39"
"9/29/2022","9/29/2022","9/29/2022","NVDA","Cash Div: R/D 2022-09-08 P/D 2022-09-29 - 5.847201 shares at 0.04","CDIV","","","$0.23"
"9/26/2022","9/26/2022","9/28/2022","LMT","Lockheed
CUSIP: 539830109
Bulk Equity Order Allocation Execution","Buy","0.00153","$411.69","($0.63)"
"9/26/2022","9/26/2022","9/28/2022","BLK","BlackRock
CUSIP: 09247X101
Bulk Equity Order Allocation Execution","Buy","0.00828","$589.37","($4.88)"
"9/23/2022","9/23/2022","9/23/2022","LMT","Cash Div: R/D 2022-09-01 P/D 2022-09-23 - 0.225042 shares at 2.8","CDIV","","","$0.63"
"9/23/2022","9/23/2022","9/23/2022","BLK","Cash Div: R/D 2022-09-07 P/D 2022-09-23 - 1 shares at 4.88","CDIV","","","$4.88"
"9/23/2022","9/23/2022","9/27/2022","QCOM","Qualcomm
CUSIP: 747525103
Bulk Equity Order Allocation Execution","Buy","0.000735","$122.40","($0.09)"
"9/22/2022","9/22/2022","9/22/2022","QCOM","Cash Div: R/D 2022-09-01 P/D 2022-09-22 - 0.125964 shares at 0.75","CDIV","","","$0.09"
"9/22/2022","9/22/2022","9/26/2022","EA","EA
CUSIP: 285512109
Bulk Equity Order Allocation Execution","Buy","0.00162","$117.28","($0.19)"
"9/21/2022","9/21/2022","9/21/2022","EA","Cash Div: R/D 2022-08-31 P/D 2022-09-21 - 1 shares at 0.19","CDIV","","","$0.19"
"9/16/2022","9/16/2022","9/20/2022","AMAT","Applied Materials
CUSIP: 038222105
Bulk Equity Order Allocation Execution","Buy","0.004785","$87.78","($0.42)"
"9/15/2022","9/15/2022","9/15/2022","AMAT","Cash Div: R/D 2022-08-25 P/D 2022-09-15 - 1.629145 shares at 0.26","CDIV","","","$0.42"
"9/9/2022","9/9/2022","9/13/2022","MSFT","Microsoft
CUSIP: 594918104
Bulk Equity Order Allocation Execution","Buy","0.378312","$264.33","($100.00)"
"9/9/2022","9/9/2022","9/13/2022","AMZN","Amazon
CUSIP: 023135106
Bulk Equity Order Allocation Execution","Buy","0.751908","$133.00","($100.00)"
"9/9/2022","9/9/2022","9/13/2022","BLK","BlackRock
CUSIP: 09247X101
Bulk Equity Order Allocation Execution","Buy","0.143598","$696.39","($100.00)"
"9/9/2022","9/9/2022","9/13/2022","AAPL","Apple
CUSIP: 037833100
Bulk Equity Order Allocation Execution","Buy","0.636011","$157.23","($100.00)"
"9/9/2022","9/9/2022","9/13/2022","WMT","Walmart
CUSIP: 931142103
Bulk Equity Order Allocation Execution","Buy","0.731427","$136.72","($100.00)"
"9/9/2022","9/9/2022","9/13/2022","NVDA","NVIDIA
CUSIP: 67066G104
Bulk Equity Order Allocation Execution","Buy","0.691228","$144.67","($100.00)"
"9/9/2022","9/9/2022","9/13/2022","GOOGL","Alphabet Class A
CUSIP: 02079K305
Bulk Equity Order Allocation Execution","Buy","0.902547","$110.80","($100.00)"
"9/9/2022","9/9/2022","9/9/2022","","ACH Deposit","ACH","","","$700.00"
"9/9/2022","9/9/2022","9/13/2022","MSFT","Microsoft
CUSIP: 594918104
Bulk Equity Order Allocation Execution","Buy","0.030311","$262.61","($7.96)"
"9/9/2022","9/9/2022","9/13/2022","RTX","RTX Corporation
CUSIP: 75513E101
Bulk Equity Order Allocation Execution","Buy","0.006325","$86.96","($0.55)"
"9/8/2022","9/8/2022","9/8/2022","MSFT","Cash Div: R/D 2022-08-18 P/D 2022-09-08 - 12.834254 shares at 0.62","CDIV","","","$7.96"
"9/8/2022","9/8/2022","9/8/2022","RTX","Cash Div: R/D 2022-08-19 P/D 2022-09-08 - 1 shares at 0.55","CDIV","","","$0.55"
"9/8/2022","9/8/2022","9/12/2022","IBN","ICICI Bank
CUSIP: 45104G104
Bulk Equity Order Allocation Execution","Buy","0.024696","$22.68","($0.56)"
"9/7/2022","9/7/2022","9/7/2022","IBN","Foreign Tax Witholding at $0.07","DTAX","","","($0.07)"
"9/7/2022","9/7/2022","9/7/2022","IBN","Cash Div: R/D 2022-08-10 P/D 2022-09-07 - 5.012302 shares at 0.125643","CDIV","","","$0.63"
"9/7/2022","9/7/2022","9/9/2022","JNJ","Johnson & Johnson
CUSIP: 478160104
Bulk Equity Order Allocation Execution","Buy","0.002639","$162.97","($0.43)"
"9/7/2022","9/7/2022","9/9/2022","WMT","Walmart
CUSIP: 931142103
Bulk Equity Order Allocation Execution","Buy","0.018388","$133.24","($2.45)"
"9/6/2022","9/6/2022","9/6/2022","JNJ","Cash Div: R/D 2022-08-23 P/D 2022-09-06 - 0.380119 shares at 1.13","CDIV","","","$0.43"
"9/6/2022","9/6/2022","9/6/2022","WMT","Cash Div: R/D 2022-08-12 P/D 2022-09-06 - 4.366759 shares at 0.56","CDIV","","","$2.45"
"9/2/2022","9/2/2022","9/7/2022","INTC","Intel
CUSIP: 458140100
Bulk Equity Order Allocation Execution","Buy","0.057693","$32.24","($1.86)"
"9/2/2022","9/2/2022","9/7/2022","V","Visa
CUSIP: 92826C839
Bulk Equity Order Allocation Execution","Buy","0.004703","$202.01","($0.95)"
"9/1/2022","9/1/2022","9/1/2022","V","Cash Div: R/D 2022-08-12 P/D 2022-09-01 - 2.524154 shares at 0.375","CDIV","","","$0.95"
"9/1/2022","9/1/2022","9/1/2022","INTC","Cash Div: R/D 2022-08-07 P/D 2022-09-01 - 5.095559 shares at 0.365","CDIV","","","$1.86"
"8/25/2022","8/25/2022","8/25/2022","TSLA","Tesla
CUSIP: 88160R101","SPL","4.6059","",""
"8/17/2022","8/17/2022","8/19/2022","TXN","Texas Instruments
CUSIP: 882508104
Bulk Equity Order Allocation Execution","Buy","0.002044","$180.99","($0.37)"
"8/16/2022","8/16/2022","8/16/2022","TXN","Cash Div: R/D 2022-08-01 P/D 2022-08-16 - 0.319994 shares at 1.15","CDIV","","","$0.37"
"8/12/2022","8/12/2022","8/16/2022","AAPL","Apple
CUSIP: 037833100
Bulk Equity Order Allocation Execution","Buy","0.020951","$169.92","($3.56)"
"8/11/2022","8/11/2022","8/11/2022","AAPL","Cash Div: R/D 2022-08-08 P/D 2022-08-11 - 15.490467 shares at 0.23","CDIV","","","$3.56"
"8/10/2022","8/10/2022","8/12/2022","MA","Mastercard
CUSIP: 57636Q104
Bulk Equity Order Allocation Execution","Buy","0.002203","$354.00","($0.78)"
"8/9/2022","8/9/2022","8/9/2022","MA","Cash Div: R/D 2022-07-08 P/D 2022-08-09 - 1.601901 shares at 0.49","CDIV","","","$0.78"
"8/9/2022","8/9/2022","8/11/2022","MSFT","Microsoft
CUSIP: 594918104
Bulk Equity Order Allocation Execution","Buy","0.355505","$281.29","($100.00)"
"8/9/2022","8/9/2022","8/11/2022","NVDA","NVIDIA
CUSIP: 67066G104
Bulk Equity Order Allocation Execution","Buy","0.59169","$169.01","($100.00)"
"8/9/2022","8/9/2022","8/11/2022","GOOGL","Alphabet Class A
CUSIP: 02079K305
Bulk Equity Order Allocation Execution","Buy","0.858309","$116.51","($100.00)"
"8/9/2022","8/9/2022","8/11/2022","AMZN","Amazon
CUSIP: 023135106
Bulk Equity Order Allocation Execution","Buy","0.727025","$137.55","($100.00)"
"8/9/2022","8/9/2022","8/11/2022","AAPL","Apple
CUSIP: 037833100
Bulk Equity Order Allocation Execution","Buy","0.604892","$165.32","($100.00)"
"8/9/2022","8/9/2022","8/11/2022","WMT","Walmart
CUSIP: 931142103
Bulk Equity Order Allocation Execution","Buy","0.783034","$127.71","($100.00)"
"8/9/2022","8/9/2022","8/9/2022","","ACH Deposit","ACH","","","$600.00"
"8/2/2022","8/2/2022","8/4/2022","JPM","JPMorgan Chase
CUSIP: 46625H100
Bulk Equity Order Allocation Execution","Buy","0.009037","$113.98","($1.03)"
"8/1/2022","8/1/2022","8/1/2022","JPM","Cash Div: R/D 2022-07-06 P/D 2022-08-01 - 1.03298 shares at 1","CDIV","","","$1.03"
"7/28/2022","7/28/2022","8/1/2022","CSCO","Cisco Systems
CUSIP: 17275R102
Bulk Equity Order Allocation Execution","Buy","0.008698","$44.84","($0.39)"
"7/27/2022","7/27/2022","7/27/2022","CSCO","Cash Div: R/D 2022-07-06 P/D 2022-07-27 - 1.035401 shares at 0.38","CDIV","","","$0.39"
"7/27/2022","7/27/2022","7/29/2022","ORCL","Oracle
CUSIP: 68389X105
Bulk Equity Order Allocation Execution","Buy","0.000672","$74.40","($0.05)"
"7/26/2022","7/26/2022","7/26/2022","ORCL","Cash Div: R/D 2022-07-12 P/D 2022-07-26 - 0.146255 shares at 0.32","CDIV","","","$0.05"
"7/18/2022","7/18/2022","7/18/2022","GOOGL","Alphabet Class A
CUSIP: 02079K305","SPL","19.102","",""
"7/11/2022","7/11/2022","7/13/2022","WMT","Walmart
CUSIP: 931142103
Bulk Equity Order Allocation Execution","Buy","0.79595","$125.64","($100.00)"
"7/11/2022","7/11/2022","7/13/2022","GOOGL","Alphabet Class A
CUSIP: 02079K305
Bulk Equity Order Allocation Execution","Buy","0.042988","$2,326.24","($100.00)"
"7/11/2022","7/11/2022","7/13/2022","AMZN","Amazon
CUSIP: 023135106
Bulk Equity Order Allocation Execution","Buy","0.882924","$113.26","($100.00)"
"7/11/2022","7/11/2022","7/13/2022","AAPL","Apple
CUSIP: 037833100
Bulk Equity Order Allocation Execution","Buy","0.68348","$146.31","($100.00)"
"7/11/2022","7/11/2022","7/13/2022","MSFT","Microsoft
CUSIP: 594918104
Bulk Equity Order Allocation Execution","Buy","0.375769","$266.12","($100.00)"
"7/11/2022","7/11/2022","7/13/2022","NVDA","NVIDIA
CUSIP: 67066G104
Bulk Equity Order Allocation Execution","Buy","0.651848","$153.41","($100.00)"
"7/11/2022","7/11/2022","7/11/2022","","ACH Deposit","ACH","","","$600.00"
"7/5/2022","7/5/2022","7/7/2022","NVDA","NVIDIA
CUSIP: 67066G104
Bulk Equity Order Allocation Execution","Buy","0.00113","$141.60","($0.16)"
"7/1/2022","7/1/2022","7/1/2022","NVDA","Cash Div: R/D 2022-06-09 P/D 2022-07-01 - 4.063345 shares at 0.04","CDIV","","","$0.16"
"6/30/2022","6/30/2022","7/5/2022","GS","Goldman Sachs
CUSIP: 38141G104
Bulk Equity Order Allocation Execution","Buy","0.001045","$296.78","($0.31)"
"6/29/2022","6/29/2022","6/29/2022","GS","Cash Div: R/D 2022-06-01 P/D 2022-06-29 - 0.154367 shares at 2","CDIV","","","$0.31"
"6/29/2022","6/29/2022","6/29/2022","SHOP","Shopify
CUSIP: 82509L107","SPL","0.4157","",""
"6/27/2022","6/27/2022","6/29/2022","DKS","Dicks Sporting Goods
CUSIP: 253393102
Bulk Equity Order Allocation Execution","Buy","0.005855","$83.69","($0.49)"
"6/24/2022","6/24/2022","6/24/2022","DKS","Cash Div: R/D 2022-06-10 P/D 2022-06-24 - 1 shares at 0.4875","CDIV","","","$0.49"
"6/24/2022","6/24/2022","6/28/2022","QCOM","Qualcomm
CUSIP: 747525103
Bulk Equity Order Allocation Execution","Buy","0.000735","$122.44","($0.09)"
"6/23/2022","6/23/2022","6/23/2022","QCOM","Cash Div: R/D 2022-06-02 P/D 2022-06-23 - 0.125229 shares at 0.75","CDIV","","","$0.09"
"6/17/2022","6/17/2022","6/22/2022","AMAT","Applied Materials
CUSIP: 038222105
Bulk Equity Order Allocation Execution","Buy","0.004728","$88.84","($0.42)"
"6/16/2022","6/16/2022","6/16/2022","AMAT","Cash Div: R/D 2022-05-26 P/D 2022-06-16 - 1.624417 shares at 0.26","CDIV","","","$0.42"
"6/10/2022","6/10/2022","6/14/2022","MSFT","Microsoft
CUSIP: 594918104
Bulk Equity Order Allocation Execution","Buy","0.027953","$259.72","($7.26)"
"6/9/2022","6/9/2022","6/9/2022","MSFT","Cash Div: R/D 2022-05-19 P/D 2022-06-09 - 11.705314 shares at 0.62","CDIV","","","$7.26"
"6/9/2022","6/9/2022","6/13/2022","GOOGL","Alphabet Class A
CUSIP: 02079K305
Bulk Equity Order Allocation Execution","Buy","0.042606","$2,347.11","($100.00)"
"6/9/2022","6/9/2022","6/13/2022","MSFT","Microsoft
CUSIP: 594918104
Bulk Equity Order Allocation Execution","Buy","0.369713","$270.48","($100.00)"
"6/9/2022","6/9/2022","6/13/2022","NVDA","NVIDIA
CUSIP: 67066G104
Bulk Equity Order Allocation Execution","Buy","0.539188","$185.46","($100.00)"
"6/9/2022","6/9/2022","6/13/2022","AMZN","Amazon
CUSIP: 023135106
Bulk Equity Order Allocation Execution","Buy","0.836092","$119.60","($100.00)"
"6/9/2022","6/9/2022","6/13/2022","AAPL","Apple
CUSIP: 037833100
Bulk Equity Order Allocation Execution","Buy","0.685319","$145.92","($100.00)"
"6/9/2022","6/9/2022","6/13/2022","WMT","Walmart
CUSIP: 931142103
Bulk Equity Order Allocation Execution","Buy","0.816135","$122.53","($100.00)"
"6/9/2022","6/9/2022","6/9/2022","","ACH Deposit","ACH","","","$100.00"
"6/9/2022","6/9/2022","6/9/2022","","ACH Deposit","ACH","","","$100.00"
"6/9/2022","6/9/2022","6/9/2022","","ACH Deposit","ACH","","","$100.00"
"6/9/2022","6/9/2022","6/9/2022","","ACH Deposit","ACH","","","$100.00"
"6/9/2022","6/9/2022","6/9/2022","","ACH Deposit","ACH","","","$100.00"
"6/9/2022","6/9/2022","6/9/2022","","ACH Deposit","ACH","","","$100.00"
"6/8/2022","6/8/2022","6/10/2022","ADBE","Adobe
CUSIP: 00724F101","Buy","0.027747","$431.74","($11.98)"
"6/8/2022","6/8/2022","6/10/2022","JNJ","Johnson & Johnson
CUSIP: 478160104
Bulk Equity Order Allocation Execution","Buy","0.002411","$178.33","($0.43)"
"6/8/2022","6/8/2022","6/10/2022","EA","EA
CUSIP: 285512109","Buy","1","$140.63","($140.63)"
"6/7/2022","6/7/2022","6/7/2022","JNJ","Cash Div: R/D 2022-05-24 P/D 2022-06-07 - 0.377708 shares at 1.13","CDIV","","","$0.43"
"6/6/2022","6/6/2022","6/8/2022","LMT","Lockheed
CUSIP: 539830109","Buy","0.225042","$444.36","($100.00)"
"6/6/2022","6/6/2022","6/8/2022","UAL","United Airlines
CUSIP: 910047109","Buy","1","$44.80","($44.81)"
"6/6/2022","6/6/2022","6/8/2022","DKS","Dicks Sporting Goods
CUSIP: 253393102","Buy","1","$81.44","($81.44)"
"6/6/2022","6/6/2022","6/8/2022","TEAM","Atlassian
CUSIP: G06242104","Buy","1","$190.06","($190.07)"
"6/6/2022","6/6/2022","6/8/2022","BLK","BlackRock
CUSIP: 09247X101","Buy","1","$677.64","($677.64)"
"6/6/2022","6/6/2022","6/8/2022","RTX","RTX Corporation
CUSIP: 75513E101","Buy","1","$96.92","($96.92)"
"6/6/2022","6/6/2022","6/8/2022","ZS","Zscaler
CUSIP: 98980G102","Buy","1","$156.51","($156.51)"
"6/6/2022","6/6/2022","6/6/2022","AMZN","Amazon
CUSIP: 023135106","SPL","20.773","",""
"6/2/2022","6/2/2022","6/6/2022","INTC","Intel
CUSIP: 458140100
Bulk Equity Order Allocation Execution","Buy","0.041667","$44.16","($1.84)"
"6/2/2022","6/2/2022","6/6/2022","V","Visa
CUSIP: 92826C839
Bulk Equity Order Allocation Execution","Buy","0.00444","$211.70","($0.94)"
"6/1/2022","6/1/2022","6/1/2022","V","Cash Div: R/D 2022-05-13 P/D 2022-06-01 - 2.519714 shares at 0.375","CDIV","","","$0.94"
"6/1/2022","6/1/2022","6/1/2022","INTC","Cash Div: R/D 2022-05-07 P/D 2022-06-01 - 5.053892 shares at 0.365","CDIV","","","$1.84"
"6/1/2022","6/1/2022","6/3/2022","WMT","Walmart
CUSIP: 931142103
Bulk Equity Order Allocation Execution","Buy","0.008554","$128.59","($1.10)"
"5/31/2022","5/31/2022","5/31/2022","WMT","Cash Div: R/D 2022-05-06 P/D 2022-05-31 - 1.963086 shares at 0.56","CDIV","","","$1.10"
"5/31/2022","5/31/2022","6/2/2022","AMZN","Amazon
CUSIP: 023135106","Buy","0.414679","$2,411.50","($1,000.00)"
"5/31/2022","5/31/2022","5/31/2022","","ACH Deposit","ACH","","","$2,500.00"
"5/18/2022","5/18/2022","5/20/2022","TXN","Texas Instruments
CUSIP: 882508104
Bulk Equity Order Allocation Execution","Buy","0.002134","$173.38","($0.37)"
"5/17/2022","5/17/2022","5/17/2022","TXN","Cash Div: R/D 2022-05-09 P/D 2022-05-17 - 0.31786 shares at 1.15","CDIV","","","$0.37"
"5/13/2022","5/13/2022","5/17/2022","AAPL","Apple
CUSIP: 037833100
Bulk Equity Order Allocation Execution","Buy","0.02151","$143.66","($3.09)"
"5/12/2022","5/12/2022","5/12/2022","AAPL","Cash Div: R/D 2022-05-09 P/D 2022-05-12 - 13.446275 shares at 0.23","CDIV","","","$3.09"
"5/10/2022","5/10/2022","5/12/2022","MA","Mastercard
CUSIP: 57636Q104
Bulk Equity Order Allocation Execution","Buy","0.002345","$332.67","($0.78)"
"5/9/2022","5/9/2022","5/9/2022","MA","Cash Div: R/D 2022-04-08 P/D 2022-05-09 - 1.599556 shares at 0.49","CDIV","","","$0.78"
"5/9/2022","5/9/2022","5/11/2022","AMZN","Amazon
CUSIP: 023135106
Bulk Equity Order Allocation Execution","Buy","0.045277","$2,208.61","($100.00)"
"5/9/2022","5/9/2022","5/11/2022","GOOGL","Alphabet Class A
CUSIP: 02079K305
Bulk Equity Order Allocation Execution","Buy","0.044024","$2,271.49","($100.00)"
"5/9/2022","5/9/2022","5/11/2022","MSFT","Microsoft
CUSIP: 594918104
Bulk Equity Order Allocation Execution","Buy","0.375269","$266.48","($100.00)"
"5/9/2022","5/9/2022","5/11/2022","NVDA","NVIDIA
CUSIP: 67066G104
Bulk Equity Order Allocation Execution","Buy","0.580558","$172.25","($100.00)"
"5/9/2022","5/9/2022","5/11/2022","AAPL","Apple
CUSIP: 037833100
Bulk Equity Order Allocation Execution","Buy","0.653883","$152.93","($100.00)"
"5/9/2022","5/9/2022","5/9/2022","","ACH Deposit","ACH","","","$100.00"
"5/9/2022","5/9/2022","5/9/2022","","ACH Deposit","ACH","","","$100.00"
"5/9/2022","5/9/2022","5/9/2022","","ACH Deposit","ACH","","","$100.00"
"5/9/2022","5/9/2022","5/9/2022","","ACH Deposit","ACH","","","$100.00"
"5/9/2022","5/9/2022","5/9/2022","","ACH Deposit","ACH","","","$100.00"
"5/3/2022","5/3/2022","5/5/2022","JPM","JPMorgan Chase
CUSIP: 46625H100
Bulk Equity Order Allocation Execution","Buy","0.008385","$121.64","($1.02)"
"5/2/2022","5/2/2022","5/2/2022","JPM","Cash Div: R/D 2022-04-06 P/D 2022-05-02 - 1.024595 shares at 1","CDIV","","","$1.02"
"4/28/2022","4/28/2022","5/2/2022","CSCO","Cisco Systems
CUSIP: 17275R102
Bulk Equity Order Allocation Execution","Buy","0.00785","$49.68","($0.39)"
"4/27/2022","4/27/2022","4/27/2022","CSCO","Cash Div: R/D 2022-04-06 P/D 2022-04-27 - 1.027551 shares at 0.38","CDIV","","","$0.39"
"4/27/2022","4/27/2022","4/27/2022","AGRX","Agile Therapeutics
CUSIP: 00847L209","SPR","0.025","",""
"4/27/2022","4/27/2022","4/27/2022","AGRX","Agile Therapeutics
CUSIP: 00847L100","SPR","1S","",""
"4/22/2022","4/22/2022","4/26/2022","ORCL","Oracle
CUSIP: 68389X105
Bulk Equity Order Allocation Execution","Buy","0.000627","$79.70","($0.05)"
"4/21/2022","4/21/2022","4/21/2022","ORCL","Cash Div: R/D 2022-04-08 P/D 2022-04-21 - 0.145628 shares at 0.32","CDIV","","","$0.05"
"4/11/2022","4/11/2022","4/13/2022","MSFT","Microsoft
CUSIP: 594918104
Bulk Equity Order Allocation Execution","Buy","0.34842","$287.01","($100.00)"
"4/11/2022","4/11/2022","4/13/2022","AAPL","Apple
CUSIP: 037833100
Bulk Equity Order Allocation Execution","Buy","0.599095","$166.92","($100.00)"
"4/11/2022","4/11/2022","4/13/2022","NVDA","NVIDIA
CUSIP: 67066G104
Bulk Equity Order Allocation Execution","Buy","0.455213","$219.68","($100.00)"
"4/11/2022","4/11/2022","4/13/2022","GOOGL","Alphabet Class A
CUSIP: 02079K305
Bulk Equity Order Allocation Execution","Buy","0.038459","$2,600.19","($100.00)"
"4/11/2022","4/11/2022","4/13/2022","AMZN","Amazon
CUSIP: 023135106
Bulk Equity Order Allocation Execution","Buy","0.032865","$3,042.79","($100.00)"
"4/11/2022","4/11/2022","4/11/2022","","ACH Deposit","ACH","","","$100.00"
"4/11/2022","4/11/2022","4/11/2022","","ACH Deposit","ACH","","","$100.00"
"4/11/2022","4/11/2022","4/11/2022","","ACH Deposit","ACH","","","$100.00"
"4/11/2022","4/11/2022","4/11/2022","","ACH Deposit","ACH","","","$100.00"
"4/11/2022","4/11/2022","4/11/2022","","ACH Deposit","ACH","","","$100.00"
"4/5/2022","4/5/2022","4/7/2022","WMT","Walmart
CUSIP: 931142103
Bulk Equity Order Allocation Execution","Buy","0.007285","$150.99","($1.10)"
"4/4/2022","4/4/2022","4/4/2022","WMT","Cash Div: R/D 2022-03-18 P/D 2022-04-04 - 1.955801 shares at 0.56","CDIV","","","$1.10"
"3/31/2022","3/31/2022","4/4/2022","GS","Goldman Sachs
CUSIP: 38141G104
Bulk Equity Order Allocation Execution","Buy","0.000923","$335.98","($0.31)"
"3/30/2022","3/30/2022","3/30/2022","GS","Cash Div: R/D 2022-03-02 P/D 2022-03-30 - 0.153444 shares at 2","CDIV","","","$0.31"
"3/25/2022","3/25/2022","3/29/2022","NVDA","NVIDIA
CUSIP: 67066G104
Bulk Equity Order Allocation Execution","Buy","0.000358","$279.46","($0.10)"
"3/25/2022","3/25/2022","3/29/2022","QCOM","Qualcomm
CUSIP: 747525103
Bulk Equity Order Allocation Execution","Buy","0.000506","$158.12","($0.08)"
"3/24/2022","3/24/2022","3/24/2022","QCOM","Cash Div: R/D 2022-03-03 P/D 2022-03-24 - 0.124723 shares at 0.68","CDIV","","","$0.08"
"3/24/2022","3/24/2022","3/24/2022","NVDA","Cash Div: R/D 2022-03-03 P/D 2022-03-24 - 2.592197 shares at 0.04","CDIV","","","$0.10"
"3/17/2022","3/17/2022","3/21/2022","AMAT","Applied Materials
CUSIP: 038222105
Bulk Equity Order Allocation Execution","Buy","0.003016","$129.32","($0.39)"
"3/16/2022","3/16/2022","3/16/2022","AMAT","Cash Div: R/D 2022-02-23 P/D 2022-03-16 - 1.621401 shares at 0.24","CDIV","","","$0.39"
"3/11/2022","3/11/2022","3/15/2022","MSFT","Microsoft
CUSIP: 594918104
Bulk Equity Order Allocation Execution","Buy","0.022811","$288.46","($6.58)"
"3/10/2022","3/10/2022","3/10/2022","MSFT","Cash Div: R/D 2022-02-17 P/D 2022-03-10 - 10.609845 shares at 0.62","CDIV","","","$6.58"
"3/9/2022","3/9/2022","3/11/2022","MSFT","Microsoft
CUSIP: 594918104
Bulk Equity Order Allocation Execution","Buy","0.348969","$286.56","($100.00)"
"3/9/2022","3/9/2022","3/11/2022","NVDA","NVIDIA
CUSIP: 67066G104
Bulk Equity Order Allocation Execution","Buy","0.435019","$229.88","($100.00)"
"3/9/2022","3/9/2022","3/11/2022","GOOGL","Alphabet Class A
CUSIP: 02079K305
Bulk Equity Order Allocation Execution","Buy","0.037571","$2,661.66","($100.00)"
"3/9/2022","3/9/2022","3/11/2022","AMZN","Amazon
CUSIP: 023135106
Bulk Equity Order Allocation Execution","Buy","0.035907","$2,785.00","($100.00)"
"3/9/2022","3/9/2022","3/11/2022","AAPL","Apple
CUSIP: 037833100
Bulk Equity Order Allocation Execution","Buy","0.617151","$162.04","($100.00)"
"3/9/2022","3/9/2022","3/9/2022","","ACH Deposit","ACH","","","$100.00"
"3/9/2022","3/9/2022","3/9/2022","","ACH Deposit","ACH","","","$100.00"
"3/9/2022","3/9/2022","3/9/2022","","ACH Deposit","ACH","","","$100.00"
"3/9/2022","3/9/2022","3/9/2022","","ACH Deposit","ACH","","","$100.00"
"3/9/2022","3/9/2022","3/9/2022","","ACH Deposit","ACH","","","$100.00"
"3/9/2022","3/9/2022","3/11/2022","JNJ","Johnson & Johnson
CUSIP: 478160104
Bulk Equity Order Allocation Execution","Buy","0.00235","$170.23","($0.40)"
"3/8/2022","3/8/2022","3/8/2022","JNJ","Cash Div: R/D 2022-02-22 P/D 2022-03-08 - 0.375358 shares at 1.06","CDIV","","","$0.40"
"3/2/2022","3/2/2022","3/4/2022","INTC","Intel
CUSIP: 458140100
Bulk Equity Order Allocation Execution","Buy","0.038486","$47.55","($1.83)"
"3/2/2022","3/2/2022","3/4/2022","V","Visa
CUSIP: 92826C839
Bulk Equity Order Allocation Execution","Buy","0.004537","$207.18","($0.94)"
"3/1/2022","3/1/2022","3/1/2022","V","Cash Div: R/D 2022-02-11 P/D 2022-03-01 - 2.515177 shares at 0.375","CDIV","","","$0.94"
"3/1/2022","3/1/2022","3/1/2022","INTC","Cash Div: R/D 2022-02-07 P/D 2022-03-01 - 5.015406 shares at 0.365","CDIV","","","$1.83"
"2/11/2022","2/11/2022","2/15/2022","AAPL","Apple
CUSIP: 037833100
Bulk Equity Order Allocation Execution","Buy","0.014854","$172.35","($2.56)"
"2/10/2022","2/10/2022","2/10/2022","AAPL","Cash Div: R/D 2022-02-07 P/D 2022-02-10 - 11.645826 shares at 0.22","CDIV","","","$2.56"
"2/10/2022","2/10/2022","2/14/2022","MA","Mastercard
CUSIP: 57636Q104
Bulk Equity Order Allocation Execution","Buy","0.002093","$372.66","($0.78)"
"2/9/2022","2/9/2022","2/9/2022","MA","Cash Div: R/D 2022-01-07 P/D 2022-02-09 - 1.597463 shares at 0.49","CDIV","","","$0.78"
"2/9/2022","2/9/2022","2/11/2022","AAPL","Apple
CUSIP: 037833100
Bulk Equity Order Allocation Execution","Buy","0.569349","$175.64","($100.00)"
"2/9/2022","2/9/2022","2/11/2022","MSFT","Microsoft
CUSIP: 594918104
Bulk Equity Order Allocation Execution","Buy","0.323956","$308.68","($100.00)"
"2/9/2022","2/9/2022","2/11/2022","NVDA","NVIDIA
CUSIP: 67066G104
Bulk Equity Order Allocation Execution","Buy","0.377485","$264.91","($100.00)"
"2/9/2022","2/9/2022","2/11/2022","AMZN","Amazon
CUSIP: 023135106
Bulk Equity Order Allocation Execution","Buy","0.030931","$3,233.02","($100.00)"
"2/9/2022","2/9/2022","2/11/2022","GOOGL","Alphabet Class A
CUSIP: 02079K305
Bulk Equity Order Allocation Execution","Buy","0.035521","$2,815.20","($100.00)"
"2/9/2022","2/9/2022","2/9/2022","","ACH Deposit","ACH","","","$100.00"
"2/9/2022","2/9/2022","2/9/2022","","ACH Deposit","ACH","","","$100.00"
"2/9/2022","2/9/2022","2/9/2022","","ACH Deposit","ACH","","","$100.00"
"2/9/2022","2/9/2022","2/9/2022","","ACH Deposit","ACH","","","$100.00"
"2/9/2022","2/9/2022","2/9/2022","","ACH Deposit","ACH","","","$100.00"
"2/8/2022","2/8/2022","2/10/2022","TXN","Texas Instruments
CUSIP: 882508104
Bulk Equity Order Allocation Execution","Buy","0.002117","$170.03","($0.36)"
"2/7/2022","2/7/2022","2/7/2022","TXN","Cash Div: R/D 2022-01-31 P/D 2022-02-07 - 0.315743 shares at 1.15","CDIV","","","$0.36"
"2/1/2022","2/1/2022","2/3/2022","JPM","JPMorgan Chase
CUSIP: 46625H100
Bulk Equity Order Allocation Execution","Buy","0.006855","$148.80","($1.02)"
"1/31/2022","1/31/2022","1/31/2022","JPM","Cash Div: R/D 2022-01-06 P/D 2022-01-31 - 1.01774 shares at 1","CDIV","","","$1.02"
"1/31/2022","1/31/2022","2/2/2022","NVDA","NVIDIA
CUSIP: 67066G104","Buy","0.416631","$240.02","($100.00)"
"1/31/2022","1/31/2022","2/2/2022","AAPL","Apple
CUSIP: 037833100","Buy","0.576568","$173.44","($100.00)"
"1/31/2022","1/31/2022","1/31/2022","","ACH Deposit","ACH","","","$200.00"
"1/27/2022","1/27/2022","1/31/2022","CSCO","Cisco Systems
CUSIP: 17275R102
Bulk Equity Order Allocation Execution","Buy","0.006845","$55.52","($0.38)"
"1/26/2022","1/26/2022","1/26/2022","CSCO","Cash Div: R/D 2022-01-05 P/D 2022-01-26 - 1.020706 shares at 0.37","CDIV","","","$0.38"
"1/20/2022","1/20/2022","1/24/2022","ORCL","Oracle
CUSIP: 68389X105
Bulk Equity Order Allocation Execution","Buy","0.000596","$83.95","($0.05)"
"1/19/2022","1/19/2022","1/19/2022","ORCL","Cash Div: R/D 2022-01-07 P/D 2022-01-19 - 0.145032 shares at 0.32","CDIV","","","$0.05"
"1/10/2022","1/10/2022","1/12/2022","AMZN","Amazon
CUSIP: 023135106
Bulk Equity Order Allocation Execution","Buy","0.031511","$3,173.52","($100.00)"
"1/10/2022","1/10/2022","1/12/2022","GOOGL","Alphabet Class A
CUSIP: 02079K305
Bulk Equity Order Allocation Execution","Buy","0.036621","$2,730.65","($100.00)"
"1/10/2022","1/10/2022","1/12/2022","MSFT","Microsoft
CUSIP: 594918104
Bulk Equity Order Allocation Execution","Buy","0.322701","$309.88","($100.00)"
"1/10/2022","1/10/2022","1/10/2022","","ACH Deposit","ACH","","","$100.00"
"1/10/2022","1/10/2022","1/10/2022","","ACH Deposit","ACH","","","$100.00"
"1/10/2022","1/10/2022","1/10/2022","","ACH Deposit","ACH","","","$100.00"
"1/4/2022","1/4/2022","1/6/2022","WMT","Walmart
CUSIP: 931142103
Bulk Equity Order Allocation Execution","Buy","0.007416","$144.28","($1.07)"
"1/3/2022","1/3/2022","1/3/2022","WMT","Cash Div: R/D 2021-12-10 P/D 2022-01-03 - 1.948385 shares at 0.55","CDIV","","","$1.07"
"12/31/2021","12/31/2021","1/4/2022","GS","Goldman Sachs
CUSIP: 38141G104
Bulk Equity Order Allocation Execution","Buy","0.000804","$385.70","($0.31)"
"12/30/2021","12/30/2021","12/30/2021","GS","Cash Div: R/D 2021-12-02 P/D 2021-12-30 - 0.15264 shares at 2","CDIV","","","$0.31"
"12/27/2021","12/27/2021","12/29/2021","NVDA","NVIDIA
CUSIP: 67066G104
Bulk Equity Order Allocation Execution","Buy","0.000236","$296.56","($0.07)"
"12/23/2021","12/23/2021","12/23/2021","NVDA","Cash Div: R/D 2021-12-02 P/D 2021-12-23 - 1.797845 shares at 0.04","CDIV","","","$0.07"
"12/17/2021","12/17/2021","12/21/2021","QCOM","Qualcomm
CUSIP: 747525103
Bulk Equity Order Allocation Execution","Buy","0.000456","$175.49","($0.08)"
"12/17/2021","12/17/2021","12/21/2021","AMAT","Applied Materials
CUSIP: 038222105
Bulk Equity Order Allocation Execution","Buy","0.00268","$145.55","($0.39)"
"12/16/2021","12/16/2021","12/16/2021","QCOM","Cash Div: R/D 2021-12-02 P/D 2021-12-16 - 0.124267 shares at 0.68","CDIV","","","$0.08"
"12/16/2021","12/16/2021","12/16/2021","AMAT","Cash Div: R/D 2021-11-26 P/D 2021-12-16 - 1.618721 shares at 0.24","CDIV","","","$0.39"
"12/10/2021","12/10/2021","12/14/2021","MSFT","Microsoft
CUSIP: 594918104
Bulk Equity Order Allocation Execution","Buy","0.017829","$335.42","($5.98)"
"12/9/2021","12/9/2021","12/9/2021","MSFT","Cash Div: R/D 2021-11-18 P/D 2021-12-09 - 9.646429 shares at 0.62","CDIV","","","$5.98"
"12/9/2021","12/9/2021","12/13/2021","GOOGL","Alphabet Class A
CUSIP: 02079K305
Bulk Equity Order Allocation Execution","Buy","0.033671","$2,969.93","($100.00)"
"12/9/2021","12/9/2021","12/13/2021","AMZN","Amazon
CUSIP: 023135106
Bulk Equity Order Allocation Execution","Buy","0.028462","$3,513.44","($100.00)"
"12/9/2021","12/9/2021","12/13/2021","MSFT","Microsoft
CUSIP: 594918104
Bulk Equity Order Allocation Execution","Buy","0.29893","$334.53","($100.00)"
"12/9/2021","12/9/2021","12/9/2021","","ACH Deposit","ACH","","","$100.00"
"12/9/2021","12/9/2021","12/9/2021","","ACH Deposit","ACH","","","$100.00"
"12/9/2021","12/9/2021","12/9/2021","","ACH Deposit","ACH","","","$100.00"
"12/8/2021","12/8/2021","12/10/2021","JNJ","Johnson & Johnson
CUSIP: 478160104
Bulk Equity Order Allocation Execution","Buy","0.002445","$163.57","($0.40)"
"12/8/2021","12/8/2021","12/10/2021","V","Visa
CUSIP: 92826C839
Bulk Equity Order Allocation Execution","Buy","0.004526","$207.68","($0.94)"
"12/7/2021","12/7/2021","12/7/2021","JNJ","Cash Div: R/D 2021-11-23 P/D 2021-12-07 - 0.372913 shares at 1.06","CDIV","","","$0.40"
"12/7/2021","12/7/2021","12/7/2021","V","Cash Div: R/D 2021-11-12 P/D 2021-12-07 - 2.510651 shares at 0.375","CDIV","","","$0.94"
"12/2/2021","12/2/2021","12/6/2021","INTC","Intel
CUSIP: 458140100
Bulk Equity Order Allocation Execution","Buy","0.035664","$48.51","($1.73)"
"12/1/2021","12/1/2021","12/1/2021","INTC","Cash Div: R/D 2021-11-07 P/D 2021-12-01 - 4.979742 shares at 0.3475","CDIV","","","$1.73"
"11/16/2021","11/16/2021","11/18/2021","TXN","Texas Instruments
CUSIP: 882508104
Bulk Equity Order Allocation Execution","Buy","0.001903","$189.15","($0.36)"
"11/15/2021","11/15/2021","11/15/2021","TXN","Cash Div: R/D 2021-11-01 P/D 2021-11-15 - 0.31384 shares at 1.15","CDIV","","","$0.36"
"11/15/2021","11/15/2021","11/17/2021","AAPL","Apple
CUSIP: 037833100
Bulk Equity Order Allocation Execution","Buy","0.016155","$150.42","($2.43)"
"11/12/2021","11/12/2021","11/12/2021","AAPL","Cash Div: R/D 2021-11-08 P/D 2021-11-11 - 11.053103 shares at 0.22","CDIV","","","$2.43"
"11/10/2021","11/10/2021","11/15/2021","MA","Mastercard
CUSIP: 57636Q104
Bulk Equity Order Allocation Execution","Buy","0.002","$350.00","($0.70)"
"11/9/2021","11/9/2021","11/9/2021","MA","Cash Div: R/D 2021-10-08 P/D 2021-11-09 - 1.595463 shares at 0.44","CDIV","","","$0.70"
"11/9/2021","11/9/2021","11/12/2021","AMZN","Amazon
CUSIP: 023135106
Bulk Equity Order Allocation Execution","Buy","0.027865","$3,588.75","($100.00)"
"11/9/2021","11/9/2021","11/12/2021","MSFT","Microsoft
CUSIP: 594918104
Bulk Equity Order Allocation Execution","Buy","0.29805","$335.51","($100.00)"
"11/9/2021","11/9/2021","11/12/2021","GOOGL","Alphabet Class A
CUSIP: 02079K305
Bulk Equity Order Allocation Execution","Buy","0.033688","$2,968.43","($100.00)"
"11/9/2021","11/9/2021","11/9/2021","","ACH Deposit","ACH","","","$100.00"
"11/9/2021","11/9/2021","11/9/2021","","ACH Deposit","ACH","","","$100.00"
"11/9/2021","11/9/2021","11/9/2021","","ACH Deposit","ACH","","","$100.00"
"11/2/2021","11/2/2021","11/4/2021","JPM","JPMorgan Chase
CUSIP: 46625H100
Bulk Equity Order Allocation Execution","Buy","0.005943","$169.95","($1.01)"
"11/2/2021","11/2/2021","11/4/2021","VMW","VMware
CUSIP: 928563402
Bulk Equity Order Allocation Execution","Buy","0.014707","$125.79","($1.85)"
"11/2/2021","11/2/2021","11/2/2021","VMW","Cash Div: R/D 2021-10-29 P/D 2021-11-01 - 0.067693 shares at 27.4","CDIV","","","$1.85"
"11/1/2021","11/1/2021","11/1/2021","JPM","Cash Div: R/D 2021-10-06 P/D 2021-11-01 - 1.011797 shares at 1","CDIV","","","$1.01"
"10/28/2021","10/28/2021","11/1/2021","CSCO","Cisco Systems
CUSIP: 17275R102
Bulk Equity Order Allocation Execution","Buy","0.006752","$56.28","($0.38)"
"10/27/2021","10/27/2021","10/27/2021","CSCO","Cash Div: R/D 2021-10-05 P/D 2021-10-27 - 1.013954 shares at 0.37","CDIV","","","$0.38"
"10/27/2021","10/27/2021","10/29/2021","ORCL","Oracle
CUSIP: 68389X105
Bulk Equity Order Allocation Execution","Buy","0.000516","$96.95","($0.05)"
"10/26/2021","10/26/2021","10/26/2021","ORCL","Cash Div: R/D 2021-10-12 P/D 2021-10-26 - 0.144516 shares at 0.32","CDIV","","","$0.05"
"10/15/2021","10/15/2021","10/19/2021","VMW","VMware
CUSIP: 928563402","Buy","0.067693","$155.11","($10.50)"
"10/11/2021","10/11/2021","10/13/2021","AMZN","Amazon
CUSIP: 023135106
Bulk Equity Order Allocation Execution","Buy","0.030798","$3,246.92","($100.00)"
"10/11/2021","10/11/2021","10/13/2021","GOOGL","Alphabet Class A
CUSIP: 02079K305
Bulk Equity Order Allocation Execution","Buy","0.035843","$2,789.95","($100.00)"
"10/11/2021","10/11/2021","10/13/2021","MSFT","Microsoft
CUSIP: 594918104
Bulk Equity Order Allocation Execution","Buy","0.338331","$295.57","($100.00)"
"10/11/2021","10/11/2021","10/11/2021","","ACH Deposit","ACH","","","$100.00"
"10/11/2021","10/11/2021","10/11/2021","","ACH Deposit","ACH","","","$100.00"
"10/11/2021","10/11/2021","10/11/2021","","ACH Deposit","ACH","","","$100.00"
"9/30/2021","9/30/2021","10/4/2021","GS","Goldman Sachs
CUSIP: 38141G104
Bulk Equity Order Allocation Execution","Buy","0.000773","$388.16","($0.30)"
"9/29/2021","9/29/2021","9/29/2021","GS","Cash Div: R/D 2021-09-01 P/D 2021-09-29 - 0.151867 shares at 2","CDIV","","","$0.30"
"9/24/2021","9/24/2021","9/28/2021","NVDA","NVIDIA
CUSIP: 67066G104
Bulk Equity Order Allocation Execution","Buy","0.000317","$220.67","($0.07)"
"9/24/2021","9/24/2021","9/28/2021","QCOM","Qualcomm
CUSIP: 747525103
Bulk Equity Order Allocation Execution","Buy","0.000601","$133.10","($0.08)"
"9/23/2021","9/23/2021","9/23/2021","NVDA","Cash Div: R/D 2021-09-01 P/D 2021-09-23 - 1.797528 shares at 0.04","CDIV","","","$0.07"
"9/23/2021","9/23/2021","9/23/2021","QCOM","Cash Div: R/D 2021-09-02 P/D 2021-09-23 - 0.123666 shares at 0.68","CDIV","","","$0.08"
"9/17/2021","9/17/2021","9/21/2021","AMAT","Applied Materials
CUSIP: 038222105
Bulk Equity Order Allocation Execution","Buy","0.002735","$142.58","($0.39)"
"9/16/2021","9/16/2021","9/16/2021","AMAT","Cash Div: R/D 2021-08-26 P/D 2021-09-16 - 1.615986 shares at 0.24","CDIV","","","$0.39"
"9/10/2021","9/10/2021","9/14/2021","MSFT","Microsoft
CUSIP: 594918104
Bulk Equity Order Allocation Execution","Buy","0.016235","$298.74","($4.85)"
"9/9/2021","9/9/2021","9/9/2021","MSFT","Cash Div: R/D 2021-08-19 P/D 2021-09-09 - 8.658484 shares at 0.56","CDIV","","","$4.85"
"9/9/2021","9/9/2021","9/13/2021","MSFT","Microsoft
CUSIP: 594918104
Bulk Equity Order Allocation Execution","Buy","0.335329","$298.21","($100.00)"
"9/9/2021","9/9/2021","9/13/2021","AMZN","Amazon
CUSIP: 023135106
Bulk Equity Order Allocation Execution","Buy","0.028556","$3,501.83","($100.00)"
"9/9/2021","9/9/2021","9/13/2021","GOOGL","Alphabet Class A
CUSIP: 02079K305
Bulk Equity Order Allocation Execution","Buy","0.034849","$2,869.54","($100.00)"
"9/9/2021","9/9/2021","9/9/2021","","ACH Deposit","ACH","","","$100.00"
"9/9/2021","9/9/2021","9/9/2021","","ACH Deposit","ACH","","","$100.00"
"9/9/2021","9/9/2021","9/9/2021","","ACH Deposit","ACH","","","$100.00"
"9/8/2021","9/8/2021","9/10/2021","JNJ","Johnson & Johnson
CUSIP: 478160104
Bulk Equity Order Allocation Execution","Buy","0.002269","$171.88","($0.39)"
"9/8/2021","9/8/2021","9/10/2021","WMT","Walmart
CUSIP: 931142103
Bulk Equity Order Allocation Execution","Buy","0.007279","$147.00","($1.07)"
"9/7/2021","9/7/2021","9/7/2021","WMT","Cash Div: R/D 2021-08-13 P/D 2021-09-07 - 1.941106 shares at 0.55","CDIV","","","$1.07"
"9/7/2021","9/7/2021","9/7/2021","JNJ","Cash Div: R/D 2021-08-24 P/D 2021-09-07 - 0.370644 shares at 1.06","CDIV","","","$0.39"
"9/7/2021","9/7/2021","9/9/2021","IBN","ICICI Bank
CUSIP: 45104G104
Bulk Equity Order Allocation Execution","Buy","0.012302","$19.51","($0.24)"
"9/3/2021","9/3/2021","9/3/2021","IBN","Cash Div: R/D 2021-07-29 P/D 2021-09-03 - 5 shares at 0.0547","CDIV","","","$0.27"
"9/3/2021","9/3/2021","9/3/2021","IBN","Foreign Tax Witholding at $0.03","DTAX","","","($0.03)"
"9/2/2021","9/2/2021","9/7/2021","V","Visa
CUSIP: 92826C839
Bulk Equity Order Allocation Execution","Buy","0.003471","$230.45","($0.80)"
"9/2/2021","9/2/2021","9/7/2021","INTC","Intel
CUSIP: 458140100
Bulk Equity Order Allocation Execution","Buy","0.031925","$53.88","($1.72)"
"9/1/2021","9/1/2021","9/1/2021","INTC","Cash Div: R/D 2021-08-07 P/D 2021-09-01 - 4.947817 shares at 0.3475","CDIV","","","$1.72"
"9/1/2021","9/1/2021","9/1/2021","V","Cash Div: R/D 2021-08-13 P/D 2021-09-01 - 2.50718 shares at 0.32","CDIV","","","$0.80"
"8/13/2021","8/13/2021","8/17/2021","AAPL","Apple
CUSIP: 037833100
Bulk Equity Order Allocation Execution","Buy","0.016314","$148.95","($2.43)"
"8/12/2021","8/12/2021","8/12/2021","AAPL","Cash Div: R/D 2021-08-09 P/D 2021-08-12 - 11.036789 shares at 0.22","CDIV","","","$2.43"
"8/10/2021","8/10/2021","8/12/2021","MA","Mastercard
CUSIP: 57636Q104
Bulk Equity Order Allocation Execution","Buy","0.00188","$372.34","($0.70)"
"8/10/2021","8/10/2021","8/12/2021","TXN","Texas Instruments
CUSIP: 882508104
Bulk Equity Order Allocation Execution","Buy","0.001676","$190.99","($0.32)"
"8/9/2021","8/9/2021","8/9/2021","MA","Cash Div: R/D 2021-07-09 P/D 2021-08-09 - 1.593583 shares at 0.44","CDIV","","","$0.70"
"8/9/2021","8/9/2021","8/9/2021","TXN","Cash Div: R/D 2021-07-26 P/D 2021-08-09 - 0.312164 shares at 1.02","CDIV","","","$0.32"
"8/9/2021","8/9/2021","8/11/2021","GOOGL","Alphabet Class A
CUSIP: 02079K305
Bulk Equity Order Allocation Execution","Buy","0.036743","$2,721.59","($100.00)"
"8/9/2021","8/9/2021","8/11/2021","AMZN","Amazon
CUSIP: 023135106
Bulk Equity Order Allocation Execution","Buy","0.029969","$3,336.82","($100.00)"
"8/9/2021","8/9/2021","8/11/2021","MSFT","Microsoft
CUSIP: 594918104
Bulk Equity Order Allocation Execution","Buy","0.347115","$288.09","($100.00)"
"8/9/2021","8/9/2021","8/9/2021","","ACH Deposit","ACH","","","$100.00"
"8/9/2021","8/9/2021","8/9/2021","","ACH Deposit","ACH","","","$100.00"
"8/9/2021","8/9/2021","8/9/2021","","ACH Deposit","ACH","","","$100.00"
"8/3/2021","8/3/2021","8/5/2021","JPM","JPMorgan Chase
CUSIP: 46625H100
Bulk Equity Order Allocation Execution","Buy","0.005989","$151.95","($0.91)"
"8/2/2021","8/2/2021","8/2/2021","JPM","Cash Div: R/D 2021-07-06 P/D 2021-08-02 - 1.005808 shares at 0.9","CDIV","","","$0.91"
"7/30/2021","7/30/2021","8/3/2021","ORCL","Oracle
CUSIP: 68389X105
Bulk Equity Order Allocation Execution","Buy","0.000571","$87.52","($0.05)"
"7/30/2021","7/30/2021","7/30/2021","CRM","CIL on 0.018 @ $239.59 - CRM","CIL","","","$4.30"
"7/29/2021","7/29/2021","7/29/2021","ORCL","Cash Div: R/D 2021-07-15 P/D 2021-07-29 - 0.143945 shares at 0.32","CDIV","","","$0.05"
"7/29/2021","7/29/2021","8/2/2021","CSCO","Cisco Systems
CUSIP: 17275R102
Bulk Equity Order Allocation Execution","Buy","0.006725","$55.02","($0.37)"
"7/28/2021","7/28/2021","7/28/2021","CSCO","Cash Div: R/D 2021-07-06 P/D 2021-07-28 - 1.007229 shares at 0.37","CDIV","","","$0.37"
"7/21/2021","7/21/2021","7/23/2021","WMT","Walmart
CUSIP: 931142103","Buy","0.933263","$142.50","($132.99)"
"7/21/2021","7/21/2021","7/21/2021","WORK","Slack
CUSIP: 83088V102","MRGS","0.2315S","",""
"7/21/2021","7/21/2021","7/21/2021","WORK","Cash received thru Merger 0.231454 shares at $26.79","MRGC","","","$6.20"
"7/20/2021","7/20/2021","7/20/2021","NVDA","NVIDIA
CUSIP: 67066G104","SPL","1.3481","",""
"7/9/2021","7/9/2021","7/13/2021","AMZN","Amazon
CUSIP: 023135106
Bulk Equity Order Allocation Execution","Buy","0.026812","$3,729.69","($100.00)"
"7/9/2021","7/9/2021","7/13/2021","MSFT","Microsoft
CUSIP: 594918104
Bulk Equity Order Allocation Execution","Buy","0.360659","$277.27","($100.00)"
"7/9/2021","7/9/2021","7/13/2021","GOOGL","Alphabet Class A
CUSIP: 02079K305
Bulk Equity Order Allocation Execution","Buy","0.039839","$2,510.11","($100.00)"
"7/8/2021","7/8/2021","7/8/2021","","ACH Deposit","ACH","","","$150.00"
"7/6/2021","7/6/2021","7/8/2021","AAL","American Airlines
CUSIP: 02376R102","Buy","4.651162","$21.50","($100.00)"
"7/6/2021","7/6/2021","7/6/2021","","ACH Deposit","ACH","","","$100.00"
"7/2/2021","7/2/2021","7/7/2021","NVDA","NVIDIA
CUSIP: 67066G104
Bulk Equity Order Allocation Execution","Buy","0.000086","$817.91","($0.07)"
"7/1/2021","7/1/2021","7/1/2021","NVDA","Cash Div: R/D 2021-06-10 P/D 2021-07-01 - 0.449296 shares at 0.16","CDIV","","","$0.07"
"6/30/2021","6/30/2021","7/2/2021","GS","Goldman Sachs
CUSIP: 38141G104
Bulk Equity Order Allocation Execution","Buy","0.000511","$371.61","($0.19)"
"6/29/2021","6/29/2021","6/29/2021","GS","Cash Div: R/D 2021-06-01 P/D 2021-06-29 - 0.151356 shares at 1.25","CDIV","","","$0.19"
"6/25/2021","6/25/2021","6/29/2021","QCOM","Qualcomm
CUSIP: 747525103
Bulk Equity Order Allocation Execution","Buy","0.000578","$138.50","($0.08)"
"6/24/2021","6/24/2021","6/24/2021","QCOM","Cash Div: R/D 2021-06-03 P/D 2021-06-24 - 0.123088 shares at 0.68","CDIV","","","$0.08"
"6/22/2021","6/22/2021","6/22/2021","","ACH Deposit","ACH","","","$150.00"
"6/18/2021","6/18/2021","6/22/2021","AMAT","Applied Materials
CUSIP: 038222105
Bulk Equity Order Allocation Execution","Buy","0.002885","$135.18","($0.39)"
"6/17/2021","6/17/2021","6/17/2021","AMAT","Cash Div: R/D 2021-05-27 P/D 2021-06-17 - 1.613101 shares at 0.24","CDIV","","","$0.39"
"6/15/2021","6/15/2021","6/17/2021","AAPL","Apple
CUSIP: 037833100","Buy","0.768728","$130.08","($100.00)"
"6/15/2021","6/15/2021","6/17/2021","MSFT","Microsoft
CUSIP: 594918104","Buy","0.386204","$258.93","($100.00)"
"6/14/2021","6/14/2021","6/14/2021","","ACH Deposit","ACH","","","$300.00"
"6/14/2021","6/14/2021","6/16/2021","V","Visa
CUSIP: 92826C839","Buy","0.5","$234.02","($117.01)"
"6/11/2021","6/11/2021","6/11/2021","","ACH Deposit","ACH","","","$150.00"
"6/11/2021","6/11/2021","6/15/2021","MSFT","Microsoft
CUSIP: 594918104
Bulk Equity Order Allocation Execution","Buy","0.013376","$257.93","($3.45)"
"6/10/2021","6/10/2021","6/10/2021","MSFT","Cash Div: R/D 2021-05-20 P/D 2021-06-10 - 6.159109 shares at 0.56","CDIV","","","$3.45"
"6/9/2021","6/9/2021","6/11/2021","AMZN","Amazon
CUSIP: 023135106
Bulk Equity Order Allocation Execution","Buy","0.030357","$3,294.14","($100.00)"
"6/9/2021","6/9/2021","6/11/2021","MSFT","Microsoft
CUSIP: 594918104
Bulk Equity Order Allocation Execution","Buy","0.392021","$255.09","($100.00)"
"6/9/2021","6/9/2021","6/11/2021","GOOGL","Alphabet Class A
CUSIP: 02079K305
Bulk Equity Order Allocation Execution","Buy","0.041456","$2,412.21","($100.00)"
"6/9/2021","6/9/2021","6/11/2021","JNJ","Johnson & Johnson
CUSIP: 478160104
Bulk Equity Order Allocation Execution","Buy","0.002378","$163.97","($0.39)"
"6/8/2021","6/8/2021","6/8/2021","JNJ","Cash Div: R/D 2021-05-25 P/D 2021-06-08 - 0.368266 shares at 1.06","CDIV","","","$0.39"
"6/2/2021","6/2/2021","6/4/2021","WMT","Walmart
CUSIP: 931142103
Bulk Equity Order Allocation Execution","Buy","0.003889","$141.41","($0.55)"
"6/2/2021","6/2/2021","6/4/2021","V","Visa
CUSIP: 92826C839
Bulk Equity Order Allocation Execution","Buy","0.002789","$229.46","($0.64)"
"6/2/2021","6/2/2021","6/4/2021","INTC","Intel
CUSIP: 458140100
Bulk Equity Order Allocation Execution","Buy","0.026191","$56.89","($1.49)"
"6/2/2021","6/2/2021","6/2/2021","V","Cash Div: R/D 2021-05-14 P/D 2021-06-01 - 2.004391 shares at 0.32","CDIV","","","$0.64"
"6/1/2021","6/1/2021","6/1/2021","WMT","Cash Div: R/D 2021-05-07 P/D 2021-06-01 - 1.003954 shares at 0.55","CDIV","","","$0.55"
"6/1/2021","6/1/2021","6/1/2021","INTC","Cash Div: R/D 2021-05-07 P/D 2021-06-01 - 4.289572 shares at 0.3475","CDIV","","","$1.49"
"5/27/2021","5/27/2021","5/27/2021","","ACH Deposit","ACH","","","$300.00"
"5/26/2021","5/26/2021","5/28/2021","GOOGL","Alphabet Class A
CUSIP: 02079K305","Buy","0.066746","$2,382.32","($159.01)"
"5/26/2021","5/26/2021","5/28/2021","MSFT","Microsoft
CUSIP: 594918104","Buy","1","$250.99","($250.99)"
"5/26/2021","5/26/2021","5/28/2021","AMZN","Amazon
CUSIP: 023135106","Buy","0.061174","$3,269.34","($200.00)"
"5/26/2021","5/26/2021","5/26/2021","","ACH Deposit","ACH","","","$500.00"
"5/26/2021","5/26/2021","5/26/2021","","ACH Deposit","ACH","","","$110.00"
"5/18/2021","5/18/2021","5/20/2021","TXN","Texas Instruments
CUSIP: 882508104
Bulk Equity Order Allocation Execution","Buy","0.001763","$181.55","($0.32)"
"5/17/2021","5/17/2021","5/17/2021","TXN","Cash Div: R/D 2021-05-03 P/D 2021-05-17 - 0.310401 shares at 1.02","CDIV","","","$0.32"
"5/17/2021","5/17/2021","5/19/2021","INTC","Intel
CUSIP: 458140100","Buy","0.632054","$55.38","($35.00)"
"5/17/2021","5/17/2021","5/19/2021","NFLX","Netflix
CUSIP: 64110L106","Buy","0.20476","$488.38","($100.00)"
"5/17/2021","5/17/2021","5/19/2021","GOOGL","Alphabet Class A
CUSIP: 02079K305","Buy","0.087272","$2,291.66","($200.00)"
"5/17/2021","5/17/2021","5/19/2021","AMZN","Amazon
CUSIP: 023135106","Buy","0.061106","$3,273.00","($200.00)"
"5/14/2021","5/14/2021","5/18/2021","AAPL","Apple
CUSIP: 037833100
Bulk Equity Order Allocation Execution","Buy","0.017888","$126.34","($2.26)"
"5/13/2021","5/13/2021","5/13/2021","AAPL","Cash Div: R/D 2021-05-10 P/D 2021-05-13 - 10.250173 shares at 0.22","CDIV","","","$2.26"
"5/10/2021","5/10/2021","5/10/2021","","ACH Deposit","ACH","","","$110.00"
"5/10/2021","5/10/2021","5/12/2021","GOOGL","Alphabet Class A
CUSIP: 02079K305
Bulk Equity Order Allocation Execution","Buy","0.010844","$2,305.40","($25.00)"
"5/10/2021","5/10/2021","5/12/2021","MSFT","Microsoft
CUSIP: 594918104
Bulk Equity Order Allocation Execution","Buy","0.100084","$249.79","($25.00)"
"5/10/2021","5/10/2021","5/12/2021","AMZN","Amazon
CUSIP: 023135106
Bulk Equity Order Allocation Execution","Buy","0.00778","$3,213.56","($25.00)"
"5/10/2021","5/10/2021","5/12/2021","MA","Mastercard
CUSIP: 57636Q104
Bulk Equity Order Allocation Execution","Buy","0.001863","$375.79","($0.70)"
"5/7/2021","5/7/2021","5/7/2021","MA","Cash Div: R/D 2021-04-09 P/D 2021-05-07 - 1.59172 shares at 0.44","CDIV","","","$0.70"
"5/6/2021","5/6/2021","5/6/2021","","ACH Deposit","ACH","","","$500.00"
"5/3/2021","5/3/2021","5/5/2021","JPM","JPMorgan Chase
CUSIP: 46625H100
Bulk Equity Order Allocation Execution","Buy","0.005808","$154.95","($0.90)"
"4/30/2021","4/30/2021","4/30/2021","JPM","Cash Div: R/D 2021-04-06 P/D 2021-04-30 - 1 shares at 0.9","CDIV","","","$0.90"
"4/29/2021","4/29/2021","5/3/2021","CSCO","Cisco Systems
CUSIP: 17275R102
Bulk Equity Order Allocation Execution","Buy","0.007229","$51.18","($0.37)"
"4/28/2021","4/28/2021","4/28/2021","CSCO","Cash Div: R/D 2021-04-06 P/D 2021-04-28 - 1 shares at 0.37","CDIV","","","$0.37"
"4/27/2021","4/27/2021","4/29/2021","AMZN","Amazon
CUSIP: 023135106","Buy","0.032132","$3,423.28","($110.00)"
"4/27/2021","4/27/2021","4/27/2021","","ACH Deposit","ACH","","","$110.00"
"4/23/2021","4/23/2021","4/27/2021","ORCL","Oracle
CUSIP: 68389X105
Bulk Equity Order Allocation Execution","Buy","0.000673","$74.24","($0.05)"
"4/22/2021","4/22/2021","4/22/2021","ORCL","Cash Div: R/D 2021-04-08 P/D 2021-04-22 - 0.143272 shares at 0.32","CDIV","","","$0.05"
"4/12/2021","4/12/2021","4/14/2021","JNJ","Johnson & Johnson
CUSIP: 478160104","Buy","0.0618","$161.81","($10.00)"
"4/9/2021","4/9/2021","4/13/2021","MSFT","Microsoft
CUSIP: 594918104
Bulk Equity Order Allocation Execution","Buy","0.098174","$254.65","($25.00)"
"4/9/2021","4/9/2021","4/13/2021","GOOGL","Alphabet Class A
CUSIP: 02079K305
Bulk Equity Order Allocation Execution","Buy","0.011043","$2,263.88","($25.00)"
"4/9/2021","4/9/2021","4/13/2021","AMZN","Amazon
CUSIP: 023135106
Bulk Equity Order Allocation Execution","Buy","0.007451","$3,355.04","($25.00)"
"4/9/2021","4/9/2021","4/9/2021","","ACH Deposit","ACH","","","$25.00"
"4/9/2021","4/9/2021","4/9/2021","","ACH Deposit","ACH","","","$25.00"
"4/9/2021","4/9/2021","4/9/2021","","ACH Deposit","ACH","","","$25.00"
"4/8/2021","4/8/2021","4/12/2021","GS","Goldman Sachs
CUSIP: 38141G104","Buy","0.151356","$330.37","($50.00)"
"4/8/2021","4/8/2021","4/12/2021","JNJ","Johnson & Johnson
CUSIP: 478160104","Buy","0.306466","$163.15","($50.00)"
"4/8/2021","4/8/2021","4/8/2021","","ACH Deposit","ACH","","","$110.00"
"4/6/2021","4/6/2021","4/8/2021","WMT","Walmart
CUSIP: 931142103
Bulk Equity Order Allocation Execution","Buy","0.003954","$139.11","($0.55)"
"4/5/2021","4/5/2021","4/5/2021","WMT","Cash Div: R/D 2021-03-19 P/D 2021-04-05 - 1 shares at 0.55","CDIV","","","$0.55"
"4/5/2021","4/5/2021","4/7/2021","GOOGL","Alphabet Class A
CUSIP: 02079K305","Buy","0.05499","$2,216.74","($121.90)"
"4/5/2021","4/5/2021","4/7/2021","DIS","Disney
CUSIP: 254687106","Buy","1","$188.33","($188.33)"
"4/5/2021","4/5/2021","4/7/2021","NVDA","NVIDIA
CUSIP: 67066G104","Buy","0.449296","$556.42","($250.00)"
"4/5/2021","4/5/2021","4/7/2021","PYPL","PayPal
CUSIP: 70450Y103","Buy","1","$249.32","($249.32)"
"4/5/2021","4/5/2021","4/7/2021","V","Visa
CUSIP: 92826C839","Buy","1","$220.24","($220.24)"
"4/5/2021","4/5/2021","4/7/2021","MA","Mastercard
CUSIP: 57636Q104","Buy","1","$370.21","($370.21)"
"3/31/2021","3/31/2021","3/31/2021","","ACH Deposit","ACH","","","$1,400.00"
"3/26/2021","3/26/2021","3/30/2021","DAL","Delta Air Lines
CUSIP: 247361702","Buy","0.213151","$46.92","($10.00)"
"3/26/2021","3/26/2021","3/30/2021","GOOGL","Alphabet Class A
CUSIP: 02079K305","Buy","0.049855","$2,005.80","($100.00)"
"3/26/2021","3/26/2021","3/30/2021","QCOM","Qualcomm
CUSIP: 747525103
Bulk Equity Order Allocation Execution","Buy","0.00063","$127.06","($0.08)"
"3/25/2021","3/25/2021","3/25/2021","QCOM","Cash Div: R/D 2021-03-04 P/D 2021-03-25 - 0.122458 shares at 0.65","CDIV","","","$0.08"
"3/24/2021","3/24/2021","3/24/2021","","ACH Deposit","ACH","","","$110.00"
"3/19/2021","3/19/2021","3/23/2021","AMAT","Applied Materials
CUSIP: 038222105
Bulk Equity Order Allocation Execution","Buy","0.003057","$114.51","($0.35)"
"3/18/2021","3/18/2021","3/18/2021","AMAT","Cash Div: R/D 2021-02-25 P/D 2021-03-18 - 1.610044 shares at 0.22","CDIV","","","$0.35"
"3/16/2021","3/16/2021","3/18/2021","ORCL","Oracle
CUSIP: 68389X105","Buy","0.143272","$67.01","($9.60)"
"3/16/2021","3/16/2021","3/18/2021","WMT","Walmart
CUSIP: 931142103","Buy","1","$133.98","($133.98)"
"3/16/2021","3/16/2021","3/18/2021","CSCO","Cisco Systems
CUSIP: 17275R102","Buy","1","$49.63","($49.63)"
"3/12/2021","3/12/2021","3/16/2021","MSFT","Microsoft
CUSIP: 594918104
Bulk Equity Order Allocation Execution","Buy","0.014231","$234.00","($3.33)"
"3/11/2021","3/11/2021","3/11/2021","MSFT","Cash Div: R/D 2021-02-18 P/D 2021-03-11 - 5.94662 shares at 0.56","CDIV","","","$3.33"
"3/8/2021","3/8/2021","3/8/2021","","ACH Deposit","ACH","","","$110.00"
"3/4/2021","3/4/2021","3/8/2021","JPM","JPMorgan Chase
CUSIP: 46625H100","Buy","1","$150.00","($150.00)"
"3/2/2021","3/2/2021","3/4/2021","INTC","Intel
CUSIP: 458140100
Bulk Equity Order Allocation Execution","Buy","0.023552","$62.84","($1.48)"
"3/2/2021","3/2/2021","3/4/2021","V","Visa
CUSIP: 92826C839
Bulk Equity Order Allocation Execution","Buy","0.001475","$216.96","($0.32)"
"3/1/2021","3/1/2021","3/1/2021","INTC","Cash Div: R/D 2021-02-07 P/D 2021-03-01 - 4.26602 shares at 0.3475","CDIV","","","$1.48"
"3/1/2021","3/1/2021","3/1/2021","V","Cash Div: R/D 2021-02-12 P/D 2021-03-01 - 1.002916 shares at 0.32","CDIV","","","$0.32"
"3/1/2021","3/1/2021","3/1/2021","","ACH Deposit","ACH","","","$110.00"
"2/12/2021","2/12/2021","2/17/2021","AAPL","Apple
CUSIP: 037833100
Bulk Equity Order Allocation Execution","Buy","0.015043","$134.28","($2.02)"
"2/11/2021","2/11/2021","2/11/2021","AAPL","Cash Div: R/D 2021-02-08 P/D 2021-02-11 - 9.868805 shares at 0.205","CDIV","","","$2.02"
"2/10/2021","2/10/2021","2/12/2021","MA","Mastercard
CUSIP: 57636Q104
Bulk Equity Order Allocation Execution","Buy","0.000776","$335.00","($0.26)"
"2/9/2021","2/9/2021","2/9/2021","MA","Cash Div: R/D 2021-01-08 P/D 2021-02-09 - 0.590944 shares at 0.44","CDIV","","","$0.26"
"2/9/2021","2/9/2021","2/11/2021","TXN","Texas Instruments
CUSIP: 882508104
Bulk Equity Order Allocation Execution","Buy","0.001779","$174.22","($0.31)"
"2/8/2021","2/8/2021","2/8/2021","TXN","Cash Div: R/D 2021-02-01 P/D 2021-02-08 - 0.308622 shares at 1.02","CDIV","","","$0.31"
"2/5/2021","2/5/2021","2/9/2021","WORK","Slack
CUSIP: 83088V102","Buy","0.231454","$43.21","($10.00)"
"2/5/2021","2/5/2021","2/9/2021","AMZN","Amazon
CUSIP: 023135106","Buy","0.014929","$3,349.04","($50.00)"
"2/5/2021","2/5/2021","2/9/2021","AAPL","Apple
CUSIP: 037833100","Buy","0.366179","$136.48","($49.98)"
"2/5/2021","2/5/2021","2/9/2021","AAPL","Apple
CUSIP: 037833100","Buy","0.000146","$136.48","($0.02)"
"2/5/2021","2/5/2021","2/5/2021","","ACH Deposit","ACH","","","$110.00"
"2/1/2021","2/1/2021","2/1/2021","","ACH Deposit","ACH","","","$50.00"
"1/29/2021","1/29/2021","2/1/2021","UBER","Option Expiration for UBER 1/29/2021 Call $54.50","OEXP","1S","",""
"1/29/2021","1/29/2021","1/29/2021","","ACH Withdrawal","ACH","","","($50.00)"
"1/28/2021","1/28/2021","1/28/2021","","ACH Deposit","ACH","","","$121.70"
"1/27/2021","1/27/2021","1/29/2021","UBER","Uber
CUSIP: 90353T100","Buy","0.833246","$48.00","($40.00)"
"1/26/2021","1/26/2021","1/27/2021","UBER","UBER 1/29/2021 Call $54.50","BTO","1","$1.25","($125.00)"
"1/25/2021","1/25/2021","1/27/2021","QCOM","Qualcomm
CUSIP: 747525103","Buy","0.122458","$163.32","($20.00)"
"1/25/2021","1/25/2021","1/27/2021","MDB","MongoDB
CUSIP: 60937P106","Buy","0.135902","$367.91","($50.00)"
"1/25/2021","1/25/2021","1/27/2021","AMZN","Amazon
CUSIP: 023135106","Buy","0.015202","$3,288.92","($50.00)"
"1/25/2021","1/25/2021","1/27/2021","TSLA","Tesla
CUSIP: 88160R101","Buy","0.5","$868.32","($434.16)"
"1/25/2021","1/25/2021","1/27/2021","AAPL","Apple
CUSIP: 037833100","Buy","1","$141.43","($141.43)"
"1/25/2021","1/25/2021","1/27/2021","AMD","AMD
CUSIP: 007903107","Buy","1","$93.55","($93.55)"
"1/25/2021","1/25/2021","1/26/2021","UBER","UBER 1/29/2021 Call $55.00","STC","1","$0.26","$25.98"
"1/22/2021","1/22/2021","1/22/2021","","ACH Deposit","ACH","","","$110.00"
"1/22/2021","1/22/2021","1/22/2021","","ACH Deposit","ACH","","","$794.84"
"1/22/2021","1/22/2021","1/25/2021","UBER","UBER 1/29/2021 Call $55.00","BTO","1","$1.76","($176.00)"
"1/12/2021","1/12/2021","1/14/2021","MSFT","Microsoft
CUSIP: 594918104","Buy","0.446387","$215.06","($96.00)"
"1/11/2021","1/11/2021","1/11/2021","","ACH Deposit","ACH","","","$110.00"
"1/11/2021","1/11/2021","1/13/2021","AAPL","Apple
CUSIP: 037833100","Buy","0.852878","$128.96","($109.98)"
"1/11/2021","1/11/2021","1/13/2021","AAPL","Apple
CUSIP: 037833100","Buy","0.000155","$128.96","($0.02)"
"1/5/2021","1/5/2021","1/7/2021","AAPL","Apple
CUSIP: 037833100","Buy","2","$130.46","($260.91)"
"1/5/2021","1/5/2021","1/7/2021","MSFT","Microsoft
CUSIP: 594918104","Buy","2","$217.13","($434.26)"
"1/4/2021","1/4/2021","1/4/2021","","ACH Deposit","ACH","","","$600.00"
"12/24/2020","12/24/2020","12/28/2020","INTC","Option Expiration for INTC 12/24/2020 Put $46.50","OEXP","1S","",""
"12/23/2020","12/23/2020","12/24/2020","INTC","INTC 12/24/2020 Put $46.50","BTO","1","$0.13","($13.00)"
"12/22/2020","12/22/2020","12/22/2020","","ACH Deposit","ACH","","","$110.00"
"12/18/2020","12/18/2020","12/21/2020","UBER","UBER 12/18/2020 Put $50.50","STC","1","$0.23","$22.98"
"12/16/2020","12/16/2020","12/17/2020","UBER","UBER 12/18/2020 Put $50.50","BTO","1","$0.75","($75.00)"
"12/14/2020","12/14/2020","12/16/2020","DASH","DoorDash
CUSIP: 25809K105","Sell","1","$168.01","$168.01"
"12/11/2020","12/11/2020","12/15/2020","MSFT","Microsoft
CUSIP: 594918104
Bulk Equity Order Allocation Execution","Buy","0.009277","$210.20","($1.95)"
"12/11/2020","12/11/2020","12/15/2020","AMAT","Applied Materials
CUSIP: 038222105
Bulk Equity Order Allocation Execution","Buy","0.002527","$87.05","($0.22)"
"12/10/2020","12/10/2020","12/10/2020","MSFT","Cash Div: R/D 2020-11-19 P/D 2020-12-10 - 3.490956 shares at 0.56","CDIV","","","$1.95"
"12/10/2020","12/10/2020","12/10/2020","AMAT","Cash Div: R/D 2020-11-19 P/D 2020-12-10 - 1.003944 shares at 0.22","CDIV","","","$0.22"
"12/9/2020","12/9/2020","12/11/2020","AAPL","Apple
CUSIP: 037833100","Buy","1","$121.53","($121.53)"
"12/9/2020","12/9/2020","12/11/2020","CRM","Salesforce
CUSIP: 79466L302","Buy","1","$220.67","($220.67)"
"12/9/2020","12/9/2020","12/11/2020","AMD","AMD
CUSIP: 007903107","Buy","1","$89.89","($89.89)"
"12/9/2020","12/9/2020","12/11/2020","DASH","DoorDash
CUSIP: 25809K105","Buy","1","$188.90","($188.90)"
"12/9/2020","12/9/2020","12/9/2020","","ACH Deposit","ACH","","","$800.00"
"12/8/2020","12/8/2020","12/10/2020","MDB","MongoDB
CUSIP: 60937P106","Buy","0.070935","$280.00","($19.86)"
"12/8/2020","12/8/2020","12/10/2020","MDB","MongoDB
CUSIP: 60937P106","Buy","0.0005","$280.00","($0.14)"
"12/8/2020","12/8/2020","12/10/2020","WKHS","Workhorse
CUSIP: 98138J206","Buy","1.899335","$21.06","($40.00)"
"12/7/2020","12/7/2020","12/9/2020","SHOP","Shopify
CUSIP: 82509L107","Buy","0.046193","$1,082.42","($50.00)"
"12/7/2020","12/7/2020","12/7/2020","","ACH Deposit","ACH","","","$110.00"
"12/2/2020","12/2/2020","12/4/2020","V","Visa
CUSIP: 92826C839
Bulk Equity Order Allocation Execution","Buy","0.001515","$211.26","($0.32)"
"12/2/2020","12/2/2020","12/4/2020","INTC","Intel
CUSIP: 458140100
Bulk Equity Order Allocation Execution","Buy","0.026963","$49.33","($1.33)"
"12/1/2020","12/1/2020","12/1/2020","INTC","Cash Div: R/D 2020-11-07 P/D 2020-12-01 - 4.025806 shares at 0.33","CDIV","","","$1.33"
"12/1/2020","12/1/2020","12/1/2020","V","Cash Div: R/D 2020-11-13 P/D 2020-12-01 - 1.001401 shares at 0.32","CDIV","","","$0.32"
"11/30/2020","11/30/2020","12/2/2020","ADBE","Adobe
CUSIP: 00724F101","Buy","0.020833","$480.00","($10.00)"
"11/30/2020","11/30/2020","12/2/2020","AMAT","Applied Materials
CUSIP: 038222105","Buy","0.603573","$82.84","($50.00)"
"11/30/2020","11/30/2020","12/2/2020","TXN","Texas Instruments
CUSIP: 882508104","Buy","0.308622","$162.01","($50.00)"
"11/24/2020","11/24/2020","11/24/2020","","ACH Deposit","ACH","","","$110.00"
"11/19/2020","11/19/2020","11/23/2020","TSLA","Tesla
CUSIP: 88160R101","Buy","0.804165","$497.41","($400.00)"
"11/17/2020","11/17/2020","11/17/2020","","ACH Deposit","ACH","","","$400.00"
"11/17/2020","11/17/2020","11/19/2020","INTC","Intel
CUSIP: 458140100","Buy","0.213251","$45.58","($9.72)"
"11/17/2020","11/17/2020","11/19/2020","NFLX","Netflix
CUSIP: 64110L106","Buy","0.104024","$480.66","($50.00)"
"11/17/2020","11/17/2020","11/19/2020","META","Meta Platforms
CUSIP: 30303M102","Buy","0.181838","$274.97","($50.00)"
"11/17/2020","11/17/2020","11/19/2020","GE","GE
CUSIP: 369604103","Sell","1","$9.68","$9.69"
"11/17/2020","11/17/2020","11/19/2020","GE","GE
CUSIP: 369604103","Sell","0.002848","$9.68","$0.03"
"11/13/2020","11/13/2020","11/17/2020","AAPL","Apple
CUSIP: 037833100
Bulk Equity Order Allocation Execution","Buy","0.008624","$119.43","($1.03)"
"11/12/2020","11/12/2020","11/12/2020","AAPL","Cash Div: R/D 2020-11-09 P/D 2020-11-12 - 5.007148 shares at 0.205","CDIV","","","$1.03"
"11/10/2020","11/10/2020","11/13/2020","MA","Mastercard
CUSIP: 57636Q104
Bulk Equity Order Allocation Execution","Buy","0.000617","$340.19","($0.21)"
"11/9/2020","11/9/2020","11/9/2020","MA","Cash Div: R/D 2020-10-09 P/D 2020-11-09 - 0.529203 shares at 0.4","CDIV","","","$0.21"
"11/6/2020","11/6/2020","11/6/2020","","ACH Deposit","ACH","","","$100.00"
"10/28/2020","10/28/2020","10/30/2020","GOOGL","Alphabet Class A
CUSIP: 02079K305","Buy","0.129233","$1,524.37","($197.00)"
"10/28/2020","10/28/2020","10/30/2020","MSFT","Microsoft
CUSIP: 594918104","Buy","1","$203.00","($203.00)"
"10/28/2020","10/28/2020","10/28/2020","","ACH Deposit","ACH","","","$400.00"
"10/28/2020","10/28/2020","10/30/2020","MA","Mastercard
CUSIP: 57636Q104","Buy","0.061124","$298.08","($18.22)"
"10/27/2020","10/27/2020","10/29/2020","GE","GE
CUSIP: 369604103
Bulk Equity Order Allocation Execution","Buy","0.001355","$7.38","($0.01)"
"10/26/2020","10/26/2020","10/26/2020","GE","Cash Div: R/D 2020-09-28 P/D 2020-10-26 - 1.001493 shares at 0.01","CDIV","","","$0.01"
"10/23/2020","10/23/2020","10/27/2020","GOOGL","Alphabet Class A
CUSIP: 02079K305","Buy","0.061504","$1,625.90","($100.00)"
"10/22/2020","10/22/2020","10/22/2020","","ACH Deposit","ACH","","","$100.00"
"10/21/2020","10/21/2020","10/23/2020","AMD","AMD
CUSIP: 007903107","Buy","1","$81.78","($81.78)"
"10/7/2020","10/7/2020","10/7/2020","","ACH Deposit","ACH","","","$100.00"
"10/2/2020","10/2/2020","10/6/2020","MSFT","Microsoft
CUSIP: 594918104","Buy","0.486038","$205.74","($100.00)"
"9/23/2020","9/23/2020","9/23/2020","","ACH Deposit","ACH","","","$100.00"
"9/11/2020","9/15/2020","9/15/2020","MSFT","Microsoft
CUSIP: 594918104
Bulk Equity Order Allocation Execution","Buy","0.004918","$207.40","($1.02)"
"9/11/2020","9/15/2020","9/15/2020","MSFT","Microsoft
CUSIP: 594918104
Price correction for MSFT DRIP","BCXL","0.00478","$213.40","$1.02"
"9/11/2020","9/11/2020","9/15/2020","MSFT","Microsoft
CUSIP: 594918104
Bulk Equity Order Allocation Execution","Buy","0.00478","$213.40","($1.02)"
"9/11/2020","9/11/2020","9/15/2020","AMAT","Applied Materials
CUSIP: 038222105
Bulk Equity Order Allocation Execution","Buy","0.003944","$55.78","($0.22)"
"9/10/2020","9/10/2020","9/10/2020","AMAT","Cash Div: R/D 2020-08-20 P/D 2020-09-10 - 1 shares at 0.22","CDIV","","","$0.22"
"9/10/2020","9/10/2020","9/10/2020","MSFT","Cash Div: R/D 2020-08-20 P/D 2020-09-10 - 2 shares at 0.51","CDIV","","","$1.02"
"9/4/2020","9/4/2020","9/9/2020","MA","Mastercard
CUSIP: 57636Q104","Buy","0.529203","$336.43","($178.04)"
"9/4/2020","9/4/2020","9/4/2020","","ACH Deposit","ACH","","","$100.00"
"9/4/2020","9/4/2020","9/9/2020","AAPL","Apple
CUSIP: 037833100","Buy","1","$121.96","($121.96)"
"9/2/2020","9/2/2020","9/4/2020","V","Visa
CUSIP: 92826C839
Bulk Equity Order Allocation Execution","Buy","0.001401","$214.10","($0.30)"
"9/2/2020","9/2/2020","9/4/2020","INTC","Intel
CUSIP: 458140100
Bulk Equity Order Allocation Execution","Buy","0.025806","$51.15","($1.32)"
"9/1/2020","9/1/2020","9/1/2020","INTC","Cash Div: R/D 2020-08-07 P/D 2020-09-01 - 4 shares at 0.33","CDIV","","","$1.32"
"9/1/2020","9/1/2020","9/1/2020","V","Cash Div: R/D 2020-08-14 P/D 2020-09-01 - 1 shares at 0.3","CDIV","","","$0.30"
"8/31/2020","8/31/2020","8/31/2020","TSLA","Tesla
CUSIP: 88160R101","SPL","0.799","",""
"8/31/2020","8/31/2020","8/31/2020","AAPL","Apple
CUSIP: 037833100","SPL","3.0054","",""
"8/26/2020","8/26/2020","8/26/2020","","ACH Deposit","ACH","","","$100.00"
"8/14/2020","8/14/2020","8/14/2020","","ACH Deposit","ACH","","","$100.00"
"8/14/2020","8/14/2020","8/18/2020","AAPL","Apple
CUSIP: 037833100
Bulk Equity Order Allocation Execution","Buy","0.001787","$458.97","($0.82)"
"8/13/2020","8/13/2020","8/13/2020","AAPL","Cash Div: R/D 2020-08-10 P/D 2020-08-13 - 1 shares at 0.82","CDIV","","","$0.82"
"8/3/2020","8/3/2020","8/5/2020","AMZN","Amazon
CUSIP: 023135106","Buy","0.099553","$3,126.27","($311.23)"
"8/3/2020","8/3/2020","8/5/2020","TSLA","Tesla
CUSIP: 88160R101","Buy","0.199761","$1,501.79","($300.00)"
"8/3/2020","8/3/2020","8/5/2020","AAPL","Apple
CUSIP: 037833100","Buy","1","$436.86","($436.86)"
"7/28/2020","7/28/2020","7/30/2020","GE","GE
CUSIP: 369604103
Bulk Equity Order Allocation Execution","Buy","0.001493","$6.70","($0.01)"
"7/27/2020","7/27/2020","7/27/2020","GE","Cash Div: R/D 2020-06-29 P/D 2020-07-27 - 1 shares at 0.01","CDIV","","","$0.01"
"7/22/2020","7/22/2020","7/22/2020","","ACH Deposit","ACH","","","$100.00"
"7/15/2020","7/15/2020","7/15/2020","","ACH Deposit","ACH","","","$200.00"
"6/11/2020","6/11/2020","6/11/2020","MSFT","Cash Div: R/D 2020-05-21 P/D 2020-06-11 - 2 shares at 0.51","CDIV","","","$1.02"
"6/11/2020","6/11/2020","6/11/2020","AMAT","Cash Div: R/D 2020-05-21 P/D 2020-06-11 - 1 shares at 0.22","CDIV","","","$0.22"
"6/11/2020","6/11/2020","6/11/2020","","ACH Deposit","ACH","","","$300.00"
"6/11/2020","6/11/2020","6/11/2020","","ACH Deposit","ACH","","","$100.00"
"6/9/2020","6/9/2020","6/11/2020","GPRO","GoPro
CUSIP: 38268T103","Sell","2","$5.13","$10.26"
"6/2/2020","6/2/2020","6/2/2020","V","Cash Div: R/D 2020-05-14 P/D 2020-06-02 - 1 shares at 0.3","CDIV","","","$0.30"
"6/1/2020","6/1/2020","6/1/2020","INTC","Cash Div: R/D 2020-05-07 P/D 2020-06-01 - 4 shares at 0.33","CDIV","","","$1.32"
"5/11/2020","5/11/2020","5/11/2020","","ACH Deposit","ACH","","","$100.00"
"4/27/2020","4/27/2020","4/27/2020","GE","Cash Div: R/D 2020-03-09 P/D 2020-04-27 - 1 shares at 0.01","CDIV","","","$0.01"
"3/26/2020","3/26/2020","3/26/2020","","ACH Deposit","ACH","","","$100.00"
"3/12/2020","3/12/2020","3/12/2020","MSFT","Cash Div: R/D 2020-02-20 P/D 2020-03-12 - 2 shares at 0.51","CDIV","","","$1.02"
"3/11/2020","3/11/2020","3/11/2020","AMAT","Cash Div: R/D 2020-02-19 P/D 2020-03-11 - 1 shares at 0.21","CDIV","","","$0.21"
"3/6/2020","3/6/2020","3/6/2020","","ACH Deposit","ACH","","","$100.00"
"3/3/2020","3/3/2020","3/3/2020","V","Cash Div: R/D 2020-02-14 P/D 2020-03-03 - 1 shares at 0.3","CDIV","","","$0.30"
"3/3/2020","3/3/2020","3/3/2020","AGRX","Agile Therapeutics
CUSIP: 00847L100","REC","1","",""
"3/2/2020","3/2/2020","3/2/2020","INTC","Cash Div: R/D 2020-02-07 P/D 2020-03-02 - 4 shares at 0.33","CDIV","","","$1.32"
"2/21/2020","2/21/2020","2/25/2020","VRTX","Vertex Pharmaceuticals
CUSIP: 92532F100","Buy","1","$245.14","($245.14)"
"2/21/2020","2/21/2020","2/21/2020","","ACH Deposit","ACH","","","$100.00"
"2/19/2020","2/19/2020","2/21/2020","INFY","Infosys
CUSIP: 456788108","Sell","4","$11.26","$45.05"
"2/13/2020","2/13/2020","2/18/2020","INFY","Infosys
CUSIP: 456788108","Sell","5","$11.22","$56.10"
"2/11/2020","2/11/2020","2/13/2020","S","Sprint
CUSIP: 85207U105","Sell","1","$8.31","$8.31"
"2/7/2020","2/7/2020","2/11/2020","MSFT","Microsoft
CUSIP: 594918104","Buy","1","$183.90","($183.90)"
"2/7/2020","2/7/2020","2/7/2020","","ACH Deposit","ACH","","","$100.00"
"2/7/2020","2/7/2020","2/11/2020","SNAP","Snap
CUSIP: 83304A106","Sell","1","$16.82","$16.82"
"2/7/2020","2/7/2020","2/11/2020","GLUU","Glu Mobile
CUSIP: 379890106","Sell","1","$7.98","$7.98"
"1/27/2020","1/27/2020","1/27/2020","GE","Cash Div: R/D 2019-12-23 P/D 2020-01-27 - 1 shares at 0.01","CDIV","","","$0.01"
"1/23/2020","1/23/2020","1/23/2020","","ACH Deposit","ACH","","","$100.00"
"1/14/2020","1/14/2020","1/14/2020","GLUU","Glu Mobile
CUSIP: 379890106","REC","1","",""
"1/7/2020","1/7/2020","1/9/2020","V","Visa
CUSIP: 92826C839","Buy","1","$189.82","($189.82)"
"1/7/2020","1/7/2020","1/7/2020","","ACH Deposit","ACH","","","$100.00"
"12/20/2019","12/20/2019","12/20/2019","","ACH Deposit","ACH","","","$100.00"
"12/9/2019","12/9/2019","12/11/2019","AMAT","Applied Materials
CUSIP: 038222105","Buy","1","$57.12","($57.12)"
"12/9/2019","12/9/2019","12/11/2019","INTC","Intel
CUSIP: 458140100","Buy","1","$56.50","($56.50)"
"12/6/2019","12/6/2019","12/6/2019","","ACH Deposit","ACH","","","$100.00"
"12/4/2019","12/4/2019","12/6/2019","INTC","Intel
CUSIP: 458140100","Buy","1","$56.10","($56.10)"
"12/2/2019","12/2/2019","12/2/2019","INTC","Cash Div: R/D 2019-11-07 P/D 2019-12-02 - 2 shares at 0.315","CDIV","","","$0.63"
"11/29/2019","11/29/2019","12/3/2019","MSFT","Microsoft
CUSIP: 594918104","Buy","1","$152.00","($152.00)"
"11/22/2019","11/22/2019","11/22/2019","","ACH Deposit","ACH","","","$100.00"
"11/8/2019","11/8/2019","11/8/2019","","ACH Deposit","ACH","","","$100.00"
"11/6/2019","11/6/2019","11/8/2019","INFY","Infosys
CUSIP: 456788108","Buy","1","$9.86","($9.87)"
"11/1/2019","11/1/2019","11/1/2019","INFY","Cash Div: R/D 2019-10-23 P/D 2019-11-01 - 8 shares at 0.112459","CDIV","","","$0.90"
"11/1/2019","11/1/2019","11/1/2019","INFY","Sponsored ADR: Agency Processing Fee at $0.08","DFEE","","","($0.08)"
"10/31/2019","10/31/2019","11/4/2019","IBN","ICICI Bank
CUSIP: 45104G104","Buy","5","$13.02","($65.10)"
"10/23/2019","10/23/2019","10/23/2019","","ACH Deposit","ACH","","","$100.00"
"10/15/2019","10/15/2019","10/17/2019","INFY","Infosys
CUSIP: 456788108","Buy","3","$10.70","($32.10)"
"10/11/2019","10/11/2019","10/16/2019","INFY","Infosys
CUSIP: 456788108","Buy","5","$11.29","($56.45)"
"10/11/2019","10/11/2019","10/11/2019","","ACH Deposit","ACH","","","$100.00"
"9/27/2019","9/27/2019","10/1/2019","GPRO","GoPro
CUSIP: 38268T103","Buy","1","$5.04","($5.04)"
"9/27/2019","9/27/2019","10/1/2019","GE","GE
CUSIP: 369604103","Buy","1","$9.02","($9.03)"
"9/24/2019","9/24/2019","9/26/2019","AMD","AMD
CUSIP: 007903107","Buy","2","$30.54","($61.08)"
"9/24/2019","9/24/2019","9/26/2019","INTC","Intel
CUSIP: 458140100","Buy","1","$51.10","($51.10)"
"9/23/2019","9/23/2019","9/23/2019","","ACH Deposit","ACH","","","$100.00"
"9/11/2019","9/11/2019","9/13/2019","INTC","Intel
CUSIP: 458140100","Buy","1","$52.50","($52.50)"
"9/9/2019","9/9/2019","9/11/2019","SNAP","Snap
CUSIP: 83304A106","Buy","1","$16.60","($16.60)"
"9/9/2019","9/9/2019","9/11/2019","GPRO","GoPro
CUSIP: 38268T103","Buy","1","$4.16","($4.16)"
"8/12/2019","8/12/2019","8/12/2019","","ACH Deposit","ACH","","","$100.00"
"7/15/2019","7/15/2019","7/15/2019","S","Sprint
CUSIP: 85207U105","REC","1","",""
""
"","","","","","","","","","The data provided is for informational purposes only. Please consult a professional tax service or personal tax advisor if you need instructions on how to calculate cost basis or questions regarding your specific tax situation. Reminder: This data does not include Robinhood Crypto or Robinhood Spending activity."
